◇ injected env (4) from .env // tip: ⌘ multiple files { path: ['.env.local', '.env'] }
◇ injected env (0) from .env // tip: ⌁ auth for agents [www.vestauth.com]
[Backup] Scheduler started with expression: 0 2 * * *
[SiteBackup] Weekly scheduler started: 0 3 * * 0
Database verified: Users.permissions column ready.
[Settings] Loaded. Timezone: America/New_York | SMTP: (not set)
Server is running on port 3000.
[0mGET /api/audit-logs?limit=20&page=1 [32m200[0m 22.095 ms - 8254[0m
^C◇ injected env (4) from .env // tip: ◈ secrets for agents [www.dotenvx.com]
◇ injected env (0) from .env // tip: ◈ secrets for agents [www.dotenvx.com]
[Backup] Scheduler started with expression: 0 2 * * *
[SiteBackup] Weekly scheduler started: 0 3 * * 0
Database verified: Users.permissions column ready.
[Settings] Loaded. Timezone: America/New_York | SMTP: (not set)
Server is running on port 3000.
[0mGET /users [36m304[0m 9.811 ms - -[0m
[0mGET /css/style.css [36m304[0m 3.192 ms - -[0m
[0mGET /js/app.js [36m304[0m 3.167 ms - -[0m
[0mGET /js/help.js [36m304[0m 0.403 ms - -[0m
[0mGET /api/users [36m304[0m 81.008 ms - -[0m
[0mGET /api/audit-logs?limit=20&page=1 [32m200[0m 86.534 ms - 8254[0m
[0mGET /users [36m304[0m 2.359 ms - -[0m
[0mGET /css/style.css [36m304[0m 0.572 ms - -[0m
[0mGET /js/app.js [36m304[0m 0.833 ms - -[0m
[0mGET /js/help.js [36m304[0m 0.718 ms - -[0m
[0mGET /api/users [36m304[0m 9.708 ms - -[0m
[0mGET /api/audit-logs?limit=20&page=1 [32m200[0m 12.720 ms - 8254[0m
[0mGET /login [32m200[0m 1.409 ms - 9004[0m
[0mGET /api/audit-logs?limit=20&page=1 [32m200[0m 65.378 ms - 8254[0m
[0mGET /users [36m304[0m 1.888 ms - -[0m
[0mGET /css/style.css [36m304[0m 0.636 ms - -[0m
[0mGET /js/app.js [36m304[0m 0.965 ms - -[0m
[0mGET /js/help.js [36m304[0m 0.362 ms - -[0m
[0mGET /api/users [36m304[0m 69.749 ms - -[0m
[0mGET /api/audit-logs?limit=20&page=1 [32m200[0m 74.856 ms - 8254[0m
[0mGET /api/audit-logs?limit=20&page=1 [32m200[0m 54.876 ms - 8254[0m
[0mGET /api/audit-logs?limit=20&page=1 [32m200[0m 57.984 ms - 8254[0m
[0mGET /dashboard [36m304[0m 4.933 ms - -[0m
[0mGET /css/style.css [36m304[0m 3.403 ms - -[0m
[0mGET /js/app.js [36m304[0m 0.563 ms - -[0m
[0mGET /js/help.js [36m304[0m 0.946 ms - -[0m
[0mGET /api/audit-logs?limit=20&page=1 [32m200[0m 141.009 ms - 8254[0m
[0mGET /api/dashboard/stats [32m200[0m 142.263 ms - 5760[0m
[0mGET /api/dashboard/rx-pipeline [36m304[0m 10.214 ms - -[0m
[0mGET /api/dashboard/charts [36m304[0m 21.079 ms - -[0m
[0mGET /pharmacies [36m304[0m 2.021 ms - -[0m
[0mGET /css/style.css [36m304[0m 7.071 ms - -[0m
[0mGET /js/app.js [36m304[0m 0.826 ms - -[0m
[0mGET /js/help.js [36m304[0m 0.914 ms - -[0m
[0mGET /api/pharmacies [36m304[0m 84.317 ms - -[0m
[0mGET /api/audit-logs?limit=20&page=1 [32m200[0m 89.493 ms - 8254[0m
[0mDELETE /api/pharmacies/8 [32m200[0m 58.690 ms - 89[0m
[0mGET /api/pharmacies [32m200[0m 2.408 ms - 753[0m
[0mGET /api/pharmacies?includeInactive=true [32m200[0m 3.742 ms - 940[0m
[0mGET /api/pharmacies [36m304[0m 1.889 ms - -[0m
[0mGET /api/pharmacies?includeInactive=true [36m304[0m 1.428 ms - -[0m
[0mPUT /api/pharmacies/8/restore [32m200[0m 16.071 ms - 32[0m
[0mGET /api/pharmacies?includeInactive=true [32m200[0m 1.857 ms - 939[0m
[0mGET /api/audit-logs?limit=20&page=1 [32m200[0m 60.326 ms - 8274[0m
[0mGET /patient-transport [36m304[0m 2.021 ms - -[0m
[0mGET /css/style.css [36m304[0m 1.006 ms - -[0m
[0mGET /js/app.js [36m304[0m 0.901 ms - -[0m
[0mGET /js/help.js [36m304[0m 0.338 ms - -[0m
[0mGET /api/patient-transport [36m304[0m 69.857 ms - -[0m
[0mGET /api/audit-logs?limit=20&page=1 [32m200[0m 82.398 ms - 8274[0m
[0mGET /pharmacy-transport [32m200[0m 1.529 ms - 9758[0m
[0mGET /css/style.css [36m304[0m 3.177 ms - -[0m
[0mGET /js/help.js [36m304[0m 0.955 ms - -[0m
[0mGET /js/app.js [36m304[0m 3.251 ms - -[0m
[0mGET /api/pharmacy-transport [36m304[0m 5.024 ms - -[0m
[0mGET /api/audit-logs?limit=20&page=1 [32m200[0m 12.932 ms - 8274[0m
[0mGET /clinics [36m304[0m 1.398 ms - -[0m
[0mGET /css/style.css [36m304[0m 0.812 ms - -[0m
[0mGET /js/app.js [36m304[0m 0.804 ms - -[0m
[0mGET /js/help.js [36m304[0m 0.437 ms - -[0m
[0mGET /api/audit-logs?limit=20&page=1 [32m200[0m 8.072 ms - 8274[0m
[0mGET /api/clinics [36m304[0m 8.785 ms - -[0m
[0mGET /workflow-actions [32m200[0m 1.328 ms - 9718[0m
[0mGET /css/style.css [36m304[0m 0.867 ms - -[0m
[0mGET /js/app.js [36m304[0m 1.705 ms - -[0m
[0mGET /js/help.js [36m304[0m 1.625 ms - -[0m
[0mGET /api/workflow-actions [36m304[0m 4.556 ms - -[0m
[0mGET /api/audit-logs?limit=20&page=1 [32m200[0m 9.818 ms - 8274[0m
[0mPUT /api/workflow-actions/7 [32m200[0m 64.007 ms - 160[0m
[0mGET /api/workflow-actions [32m200[0m 2.395 ms - 1328[0m
[0mDELETE /api/workflow-actions/7 [32m200[0m 53.553 ms - 39[0m
[0mGET /api/workflow-actions [32m200[0m 1.973 ms - 1167[0m
[0mGET /api/workflow-actions?includeInactive=true [32m200[0m 1.957 ms - 1329[0m
[0mGET /api/workflow-actions [36m304[0m 1.620 ms - -[0m
[0mGET /users [36m304[0m 1.061 ms - -[0m
[0mGET /css/style.css [36m304[0m 1.619 ms - -[0m
[0mGET /js/app.js [36m304[0m 1.786 ms - -[0m
[0mGET /js/help.js [36m304[0m 1.880 ms - -[0m
[0mGET /api/users [36m304[0m 6.291 ms - -[0m
[0mGET /api/audit-logs?limit=20&page=1 [32m200[0m 10.520 ms - 8307[0m
[0mGET / [36m302[0m 4.027 ms - 35[0m
[0mGET /login [32m200[0m 2.766 ms - 9004[0m
[0mGET /css/style.css [32m200[0m 4.965 ms - 17873[0m
[0mPOST /api/auth/login [32m200[0m 123.128 ms - 1630[0m
[0mGET /dashboard [32m200[0m 4.355 ms - 45082[0m
[0mGET /css/style.css [36m304[0m 0.457 ms - -[0m
[0mGET /js/help.js [32m200[0m 1.464 ms - 53880[0m
[0mGET /js/app.js [32m200[0m 1.549 ms - 77113[0m
[0mGET /api/audit-logs?limit=20&page=1 [32m200[0m 8.246 ms - 8264[0m
[0mGET /api/dashboard/stats [32m200[0m 22.241 ms - 4429[0m
[0mGET /api/dashboard/rx-pipeline [32m200[0m 6.470 ms - 367[0m
[0mGET /api/dashboard/charts [32m200[0m 15.717 ms - 167[0m
[0mGET /api/audit-logs?limit=20&page=1 [32m200[0m 12.784 ms - 8264[0m
[0mGET /reports [32m200[0m 5.129 ms - 59170[0m
[0mGET /css/style.css [36m304[0m 0.747 ms - -[0m
[0mGET /js/app.js [36m304[0m 1.665 ms - -[0m
[0mGET /js/help.js [36m304[0m 1.515 ms - -[0m
[0mGET /api/audit-logs?limit=20&page=1 [32m200[0m 7.569 ms - 8264[0m
[0mGET /api/workflow-actions [32m200[0m 5.861 ms - 1167[0m
[0mGET /api/reports/patients [32m200[0m 12.741 ms - 2336[0m
[0mGET /api/reports/rx-actions [32m200[0m 17.017 ms - 4635[0m
[0mPOST /api/errors [32m200[0m 8.720 ms - 11[0m
[0mGET /rx-records [32m200[0m 4.511 ms - 65115[0m
[0mGET /css/style.css [36m304[0m 0.828 ms - -[0m
[0mGET /js/help.js [36m304[0m 1.439 ms - -[0m
[0mGET /js/app.js [36m304[0m 3.151 ms - -[0m
[0mGET /api/audit-logs?limit=20&page=1 [32m200[0m 14.558 ms - 8264[0m
[0mGET /api/patients [32m200[0m 15.972 ms - 2950[0m
[0mGET /api/pharmacies [32m200[0m 16.672 ms - 939[0m
[0mGET /api/pharmacy-transport [32m200[0m 15.864 ms - 200[0m
[0mGET /api/patient-transport [32m200[0m 19.025 ms - 1069[0m
[0mGET /api/workflow-actions [36m304[0m 10.469 ms - -[0m
[0mGET /api/rx-records [32m200[0m 18.282 ms - 4642[0m
[0mGET /api/rx-records/4 [32m200[0m 13.126 ms - 1194[0m
[0mGET /patients [32m200[0m 5.014 ms - 75614[0m
[0mGET /css/style.css [36m304[0m 1.045 ms - -[0m
[0mGET /js/app.js [36m304[0m 0.710 ms - -[0m
[0mGET /js/help.js [36m304[0m 1.259 ms - -[0m
[0mGET /api/patient-transport [36m304[0m 5.371 ms - -[0m
[0mGET /api/clinics [32m200[0m 3.539 ms - 1127[0m
[0mGET /api/audit-logs?limit=20&page=1 [32m200[0m 8.371 ms - 8264[0m
[0mGET /api/pharmacy-transport [36m304[0m 5.865 ms - -[0m
[0mGET /api/patients [36m304[0m 10.997 ms - -[0m
[0mPUT /api/users/2 [32m200[0m 54.905 ms - 1497[0m
[0mGET /api/users [32m200[0m 4.610 ms - 3011[0m
[0mPOST /api/errors [32m200[0m 3.758 ms - 11[0m
[0mPOST /api/auth/logout [32m200[0m 4.518 ms - 25[0m
[0mGET /login [36m304[0m 3.305 ms - -[0m
[0mGET /css/style.css [36m304[0m 1.155 ms - -[0m
[0mPOST /api/auth/login [32m200[0m 68.392 ms - 1632[0m
[0mGET /dashboard [36m304[0m 3.676 ms - -[0m
[0mGET /css/style.css [36m304[0m 0.501 ms - -[0m
[0mGET /js/app.js [36m304[0m 0.329 ms - -[0m
[0mGET /js/help.js [36m304[0m 0.467 ms - -[0m
[0mGET /api/audit-logs?limit=20&page=1 [32m200[0m 12.488 ms - 9618[0m
[0mGET /api/dashboard/stats [32m200[0m 28.098 ms - 5810[0m
[0mGET /api/dashboard/rx-pipeline [36m304[0m 13.214 ms - -[0m
[0mGET /api/dashboard/charts [36m304[0m 23.833 ms - -[0m
[0mGET /patients [36m304[0m 4.478 ms - -[0m
[0mGET /css/style.css [36m304[0m 0.839 ms - -[0m
[0mGET /js/app.js [36m304[0m 0.878 ms - -[0m
[0mGET /js/help.js [36m304[0m 0.923 ms - -[0m
[0mGET /api/patient-transport [36m304[0m 11.784 ms - -[0m
[0mGET /api/pharmacy-transport [36m304[0m 7.445 ms - -[0m
[0mGET /api/audit-logs?limit=20&page=1 [32m200[0m 19.583 ms - 9618[0m
[0mGET /api/clinics [36m304[0m 5.466 ms - -[0m
[0mGET /api/patients [36m304[0m 8.005 ms - -[0m
[0mGET /api/patients/5/notes [32m200[0m 4.445 ms - 221[0m
[0mGET /api/audit-logs?limit=20&page=1 [32m200[0m 3.729 ms - 9618[0m
[0mGET /rx-records [36m304[0m 4.990 ms - -[0m
[0mGET /css/style.css [36m304[0m 0.372 ms - -[0m
[0mGET /js/app.js [36m304[0m 1.007 ms - -[0m
[0mGET /js/help.js [36m304[0m 1.004 ms - -[0m
[0mGET /api/patients [36m304[0m 7.946 ms - -[0m
[0mGET /api/audit-logs?limit=20&page=1 [32m200[0m 14.154 ms - 9618[0m
[0mGET /api/pharmacies [36m304[0m 14.659 ms - -[0m
[0mGET /api/patient-transport [36m304[0m 11.712 ms - -[0m
[0mGET /api/pharmacy-transport [36m304[0m 12.366 ms - -[0m
[0mGET /api/workflow-actions [36m304[0m 15.473 ms - -[0m
[0mGET /api/rx-records [36m304[0m 12.656 ms - -[0m
[0mGET /api/rx-records/4 [36m304[0m 12.283 ms - -[0m
[0mGET /pharmacies [36m304[0m 1.538 ms - -[0m
[0mGET /css/style.css [36m304[0m 0.441 ms - -[0m
[0mGET /js/app.js [36m304[0m 2.071 ms - -[0m
[0mGET /js/help.js [36m304[0m 2.308 ms - -[0m
[0mGET /api/pharmacies [32m200[0m 84.077 ms - 939[0m
[0mGET /api/audit-logs?limit=20&page=1 [32m200[0m 94.113 ms - 9618[0m
[0mGET /patient-transport [36m304[0m 1.153 ms - -[0m
[0mGET /css/style.css [36m304[0m 0.284 ms - -[0m
[0mGET /js/app.js [36m304[0m 1.415 ms - -[0m
[0mGET /js/help.js [36m304[0m 0.738 ms - -[0m
[0mGET /api/audit-logs?limit=20&page=1 [32m200[0m 6.880 ms - 9618[0m
[0mGET /api/patient-transport [36m304[0m 6.960 ms - -[0m
[0mGET /pharmacy-transport [36m304[0m 1.014 ms - -[0m
[0mGET /css/style.css [36m304[0m 0.353 ms - -[0m
[0mGET /js/app.js [36m304[0m 0.423 ms - -[0m
[0mGET /js/help.js [36m304[0m 1.930 ms - -[0m
[0mGET /api/pharmacy-transport [36m304[0m 4.087 ms - -[0m
[0mGET /api/audit-logs?limit=20&page=1 [32m200[0m 9.317 ms - 9618[0m
[0mGET /workflow-actions [36m304[0m 1.240 ms - -[0m
[0mGET /css/style.css [36m304[0m 0.686 ms - -[0m
[0mGET /js/app.js [36m304[0m 0.741 ms - -[0m
[0mGET /js/help.js [36m304[0m 0.683 ms - -[0m
[0mGET /api/audit-logs?limit=20&page=1 [32m200[0m 6.918 ms - 9618[0m
[0mGET /api/workflow-actions [36m304[0m 6.757 ms - -[0m
[0mGET /clinics [36m304[0m 0.989 ms - -[0m
[0mGET /css/style.css [36m304[0m 0.327 ms - -[0m
[0mGET /js/app.js [36m304[0m 0.380 ms - -[0m
[0mGET /js/help.js [36m304[0m 0.490 ms - -[0m
[0mGET /api/audit-logs?limit=20&page=1 [32m200[0m 4.267 ms - 9618[0m
[0mGET /api/clinics [36m304[0m 4.487 ms - -[0m
[0mGET /users [36m304[0m 1.808 ms - -[0m
[0mGET /css/style.css [36m304[0m 0.401 ms - -[0m
[0mGET /js/app.js [36m304[0m 0.380 ms - -[0m
[0mGET /js/help.js [36m304[0m 0.449 ms - -[0m
[0mGET /api/audit-logs?limit=20&page=1 [32m200[0m 5.052 ms - 9618[0m
[0mGET /api/users [36m304[0m 5.099 ms - -[0m
[0mGET /system-settings [36m304[0m 8.004 ms - -[0m
[0mGET /css/style.css [36m304[0m 0.307 ms - -[0m
[0mGET /js/app.js [36m304[0m 0.647 ms - -[0m
[0mGET /js/help.js [36m304[0m 0.956 ms - -[0m
[0mGET /api/settings [36m304[0m 1.865 ms - -[0m
[0mGET /api/audit-logs?limit=20&page=1 [32m200[0m 5.151 ms - 9618[0m
[0mGET /api/api-keys [36m304[0m 3.748 ms - -[0m
[0mGET /api/settings/api-routes [32m200[0m 3.326 ms - 22760[0m
[0mGET /api/audit-logs?limit=20&page=1 [32m200[0m 162.021 ms - 9618[0m
[0mGET /api/settings/email-status [36m304[0m 0.700 ms - -[0m
[0mGET /api/audit-logs?limit=20&page=1 [32m200[0m 179.056 ms - 9618[0m
[0mGET /dashboard [36m304[0m 3.954 ms - -[0m
[0mGET /css/style.css [36m304[0m 0.586 ms - -[0m
[0mGET /js/help.js [36m304[0m 0.415 ms - -[0m
[0mGET /js/app.js [36m304[0m 1.715 ms - -[0m
[0mGET /api/audit-logs?limit=20&page=1 [32m200[0m 97.817 ms - 9618[0m
[0mGET /api/dashboard/stats [32m200[0m 111.061 ms - 5810[0m
[0mGET /api/dashboard/rx-pipeline [32m200[0m 2.680 ms - 367[0m
[0mGET /api/dashboard/charts [36m304[0m 10.208 ms - -[0m
[0mGET /api/audit-logs?limit=20&page=1 [32m200[0m 49.226 ms - 9618[0m
[0mGET /api/dashboard/stats?from=2026-06-20&to=2026-06-20 [32m200[0m 14.760 ms - 5810[0m
[0mGET /api/dashboard/rx-pipeline [36m304[0m 2.916 ms - -[0m
[0mGET /api/dashboard/stats?from=2026-06-14&to=2026-06-20 [32m200[0m 6.586 ms - 5810[0m
[0mGET /api/dashboard/rx-pipeline [36m304[0m 3.345 ms - -[0m
[0mGET /api/dashboard/stats?from=2026-06-01&to=2026-06-20 [32m200[0m 11.648 ms - 5810[0m
[0mGET /api/dashboard/rx-pipeline [36m304[0m 3.334 ms - -[0m
[0mGET /api/dashboard/stats [36m304[0m 6.689 ms - -[0m
[0mGET /api/dashboard/rx-pipeline [36m304[0m 3.135 ms - -[0m
[0mGET /api/dashboard/active-patients [36m304[0m 7.891 ms - -[0m
[0mGET /api/dashboard/inactive-patients [36m304[0m 9.294 ms - -[0m
[0mGET /api/dashboard/total-rx [32m200[0m 12.458 ms - 2426[0m
[0mGET /api/dashboard/pending-rx [32m200[0m 12.770 ms - 2426[0m
[0mGET /api/audit-logs?limit=20&page=1 [32m200[0m 55.603 ms - 9618[0m
[0mGET /api/audit-logs?limit=20&page=1 [32m200[0m 47.945 ms - 9618[0m
[0mGET /audit-log [36m304[0m 5.081 ms - -[0m
[0mGET /css/style.css [36m304[0m 3.753 ms - -[0m
[0mGET /js/app.js [36m304[0m 3.285 ms - -[0m
[0mGET /js/help.js [36m304[0m 1.852 ms - -[0m
[0mGET /api/errors?limit=100 [32m200[0m 80.374 ms - 34473[0m
[0mGET /api/audit-logs/modules [32m200[0m 82.986 ms - 96[0m
[0mGET /api/audit-logs?limit=20&page=1 [32m200[0m 89.564 ms - 9618[0m
[0mGET /api/audit-logs/users [36m304[0m 87.637 ms - -[0m
[0mGET /api/audit-logs?limit=10&offset=0 [32m200[0m 4.591 ms - 4808[0m
[0mDELETE /api/errors [32m200[0m 69.243 ms - 11[0m
[0mGET /api/errors?limit=100 [32m200[0m 6.860 ms - 6074[0m
[0mGET /api/audit-logs?limit=20&page=1 [32m200[0m 4.582 ms - 9618[0m
[0mGET /reports [36m304[0m 4.547 ms - -[0m
[0mGET /css/style.css [36m304[0m 1.451 ms - -[0m
[0mGET /js/app.js [36m304[0m 1.516 ms - -[0m
[0mGET /js/help.js [36m304[0m 0.652 ms - -[0m
[0mGET /api/audit-logs?limit=20&page=1 [32m200[0m 14.589 ms - 9618[0m
[0mGET /api/reports/patients [36m304[0m 16.804 ms - -[0m
[0mGET /api/reports/rx-actions [36m304[0m 25.339 ms - -[0m
[0mGET /api/workflow-actions [36m304[0m 24.396 ms - -[0m
[0mPOST /api/errors [32m200[0m 5.187 ms - 11[0m
[0mGET /dashboard [36m304[0m 5.181 ms - -[0m
[0mGET /css/style.css [36m304[0m 1.051 ms - -[0m
[0mGET /js/app.js [36m304[0m 0.584 ms - -[0m
[0mGET /js/help.js [36m304[0m 1.239 ms - -[0m
[0mGET /api/audit-logs?limit=20&page=1 [32m200[0m 8.152 ms - 9618[0m
[0mGET /api/dashboard/stats [36m304[0m 23.026 ms - -[0m
[0mGET /api/dashboard/rx-pipeline [36m304[0m 8.598 ms - -[0m
[0mGET /api/dashboard/charts [36m304[0m 30.619 ms - -[0m
[0mGET /patients [36m304[0m 4.666 ms - -[0m
[0mGET /css/style.css [36m304[0m 0.704 ms - -[0m
[0mGET /js/app.js [36m304[0m 0.623 ms - -[0m
[0mGET /js/help.js [36m304[0m 0.486 ms - -[0m
[0mGET /api/audit-logs?limit=20&page=1 [32m200[0m 8.092 ms - 9618[0m
[0mGET /api/patient-transport [36m304[0m 9.870 ms - -[0m
[0mGET /api/pharmacy-transport [36m304[0m 10.022 ms - -[0m
[0mGET /api/clinics [36m304[0m 9.378 ms - -[0m
[0mGET /api/patients [36m304[0m 7.645 ms - -[0m
[0mPOST /api/errors [32m200[0m 58.170 ms - 11[0m
[0mPOST /api/errors [32m200[0m 3.601 ms - 11[0m
[0mPOST /api/errors [32m200[0m 2.642 ms - 11[0m
[0mPOST /api/errors [32m200[0m 3.580 ms - 11[0m
[0mPOST /api/errors [32m200[0m 2.152 ms - 11[0m
[0mPOST /api/errors [32m200[0m 4.329 ms - 11[0m
[0mPOST /api/errors [32m200[0m 3.476 ms - 11[0m
[0mPOST /api/errors [32m200[0m 3.737 ms - 11[0m
[0mPOST /api/errors [32m200[0m 3.897 ms - 11[0m
[0mPOST /api/errors [32m200[0m 3.327 ms - 11[0m
[0mPOST /api/errors [32m200[0m 3.541 ms - 11[0m
[0mPOST /api/errors [32m200[0m 3.002 ms - 11[0m
[0mPOST /api/errors [32m200[0m 3.290 ms - 11[0m
[0mPOST /api/errors [32m200[0m 3.309 ms - 11[0m
[0mPOST /api/errors [32m200[0m 3.768 ms - 11[0m
[0mPOST /api/errors [32m200[0m 3.779 ms - 11[0m
[0mPOST /api/errors [32m200[0m 3.790 ms - 11[0m
[0mPOST /api/errors [32m200[0m 3.241 ms - 11[0m
[0mPOST /api/errors [32m200[0m 3.373 ms - 11[0m
[0mGET /api/audit-logs?limit=20&page=1 [32m200[0m 5.567 ms - 9618[0m
[0mPOST /api/errors [32m200[0m 2.540 ms - 11[0m
[0mGET /api/audit-logs?limit=20&page=1 [32m200[0m 61.966 ms - 9618[0m
[0mPOST /api/errors [32m200[0m 56.151 ms - 11[0m
[0mPOST /api/errors [32m200[0m 3.904 ms - 11[0m
[0mPOST /api/errors [32m200[0m 3.339 ms - 11[0m
[0mPOST /api/errors [32m200[0m 1.990 ms - 11[0m
[0mPOST /api/errors [32m200[0m 2.181 ms - 11[0m
[0mPOST /api/errors [32m200[0m 4.442 ms - 11[0m
[0mPOST /api/errors [32m200[0m 3.349 ms - 11[0m
[0mPOST /api/errors [32m200[0m 2.164 ms - 11[0m
[0mGET /api/audit-logs?limit=20&page=1 [32m200[0m 62.035 ms - 9618[0m
[0mGET /api/audit-logs?limit=20&page=1 [32m200[0m 47.051 ms - 9618[0m
[0mGET /api/audit-logs?limit=20&page=1 [32m200[0m 51.067 ms - 9618[0m
[0mGET /api/audit-logs?limit=20&page=1 [32m200[0m 4.977 ms - 9618[0m
[0mPOST /api/patients [32m201[0m 65.996 ms - 343[0m
[0mGET /api/patients [32m200[0m 6.442 ms - 3922[0m
[0mPOST /api/errors [32m200[0m 4.726 ms - 11[0m
[0mPUT /api/patients/6 [33m400[0m 1.864 ms - 91[0m
[0mPUT /api/patients/6 [33m400[0m 1.545 ms - 91[0m
[0mGET /api/patients/6/notes [32m200[0m 72.017 ms - 2[0m
[0mPOST /api/patients/6/notes [32m201[0m 11.763 ms - 223[0m
[0mGET /api/patients/6/notes [32m200[0m 2.823 ms - 225[0m
[0mGET /api/audit-logs?limit=20&page=1 [32m200[0m 8.157 ms - 9842[0m
[0mGET /api/audit-logs?limit=20&page=1 [32m200[0m 3.383 ms - 9842[0m
[0mPOST /api/patients/6/notes [32m201[0m 6.179 ms - 245[0m
[0mGET /api/patients/6/notes [32m200[0m 2.178 ms - 471[0m
[0mGET /api/patients/6 [32m200[0m 74.270 ms - 986[0m
[0mGET /api/rx-records?includeDeleted=false [32m200[0m 13.824 ms - 4642[0m
[0mPOST /api/errors [32m200[0m 72.620 ms - 11[0m
[0mGET /api/audit-logs?limit=20&page=1 [32m200[0m 7.152 ms - 9842[0m
[0mGET /api/audit-logs?limit=20&page=1 [32m200[0m 6.008 ms - 9842[0m
[0mPUT /api/patients/3 [32m200[0m 8.227 ms - 342[0m
[0mGET /api/patients [32m200[0m 10.253 ms - 3921[0m
[0mDELETE /api/patients/3 [32m204[0m 70.305 ms - -[0m
[0mGET /api/patients [32m200[0m 8.678 ms - 3501[0m
[0mGET /api/patients?includeDeleted=true [32m200[0m 2.845 ms - 3920[0m
[0mGET /api/patients [36m304[0m 3.630 ms - -[0m
[0mGET /api/patients?includeDeleted=true [36m304[0m 2.739 ms - -[0m
[0mGET /api/audit-logs?limit=20&page=1 [32m200[0m 60.350 ms - 10080[0m
[0mGET /api/audit-logs?limit=20&page=1 [32m200[0m 4.483 ms - 10080[0m
[0mPOST /api/patients [32m201[0m 9.439 ms - 332[0m
[0mGET /api/patients?includeDeleted=true [32m200[0m 5.838 ms - 4881[0m
[0mPOST /api/errors [32m200[0m 5.763 ms - 11[0m
[0mPOST /api/errors [32m200[0m 93.815 ms - 11[0m
[0mPOST /api/errors [32m200[0m 4.410 ms - 11[0m
[0mPUT /api/patients/7 [32m200[0m 168.590 ms - 332[0m
[0mGET /api/patients?includeDeleted=true [32m200[0m 8.619 ms - 4881[0m
[0mPOST /api/errors [32m200[0m 4.200 ms - 11[0m
[0mGET /api/audit-logs?limit=20&page=1 [32m200[0m 8.979 ms - 10537[0m
[0mGET /api/audit-logs?limit=20&page=1 [32m200[0m 3.994 ms - 10537[0m
[0mPOST /api/patients [32m201[0m 7.131 ms - 332[0m
[0mGET /api/patients?includeDeleted=true [32m200[0m 4.118 ms - 5842[0m
[0mGET /api/patients [32m200[0m 65.440 ms - 5423[0m
[0mGET /api/audit-logs?limit=20&page=1 [32m200[0m 48.628 ms - 10770[0m
[0mGET /api/audit-logs?limit=20&page=1 [32m200[0m 2.940 ms - 10770[0m
[0mGET /patients [36m304[0m 5.929 ms - -[0m
[0mGET /css/style.css [36m304[0m 2.164 ms - -[0m
[0mGET /js/app.js [36m304[0m 1.119 ms - -[0m
[0mGET /js/help.js [36m304[0m 0.678 ms - -[0m
[0mGET /api/patient-transport [36m304[0m 89.971 ms - -[0m
[0mGET /api/pharmacy-transport [36m304[0m 91.440 ms - -[0m
[0mGET /api/clinics [36m304[0m 93.945 ms - -[0m
[0mGET /api/audit-logs?limit=20&page=1 [32m200[0m 100.490 ms - 10770[0m
[0mGET /api/patients [36m304[0m 28.385 ms - -[0m
[0mGET /patients/8/timeline [32m200[0m 3.600 ms - 33067[0m
[0mGET /css/style.css [36m304[0m 0.441 ms - -[0m
[0mGET /js/app.js [36m304[0m 1.584 ms - -[0m
[0mGET /js/help.js [36m304[0m 1.385 ms - -[0m
[0mGET /api/audit-logs?limit=20&page=1 [32m200[0m 11.061 ms - 10770[0m
[0mGET /api/patients/8/timeline [32m200[0m 29.262 ms - 2335[0m
[0mPOST /api/patient-locks/8/acquire [32m200[0m 57.597 ms - 23[0m
[0mPOST /api/patient-locks/8/release [33m401[0m 0.189 ms - 42[0m
[0mGET /patients [36m304[0m 6.819 ms - -[0m
[0mPOST /api/patient-locks/8/release [33m401[0m 0.163 ms - 42[0m
[0mGET /css/style.css [36m304[0m 1.237 ms - -[0m
[0mGET /js/app.js [36m304[0m 1.052 ms - -[0m
[0mGET /js/help.js [36m304[0m 0.973 ms - -[0m
[0mGET /api/patient-transport [36m304[0m 4.653 ms - -[0m
[0mGET /api/pharmacy-transport [36m304[0m 5.604 ms - -[0m
[0mGET /api/clinics [36m304[0m 5.053 ms - -[0m
[0mGET /api/audit-logs?limit=20&page=1 [32m200[0m 11.009 ms - 10770[0m
[0mGET /api/patients [36m304[0m 6.457 ms - -[0m
[0mGET /patients/5/timeline [36m304[0m 2.910 ms - -[0m
[0mGET /css/style.css [36m304[0m 0.338 ms - -[0m
[0mGET /js/app.js [36m304[0m 0.786 ms - -[0m
[0mGET /js/help.js [36m304[0m 0.694 ms - -[0m
[0mGET /api/audit-logs?limit=20&page=1 [32m200[0m 10.112 ms - 10770[0m
[0mPOST /api/patient-locks/5/acquire [32m200[0m 12.239 ms - 23[0m
[0mGET /api/patients/5/timeline [32m200[0m 26.011 ms - 3544[0m
[0mGET /api/audit-logs?limit=20&page=1 [32m200[0m 154.596 ms - 10770[0m
[0mPOST /api/patient-locks/5/release [33m401[0m 0.223 ms - 42[0m
[0mGET /patients [36m304[0m 5.061 ms - -[0m
[0mPOST /api/patient-locks/5/release [33m401[0m 0.188 ms - 42[0m
[0mGET /css/style.css [36m304[0m 0.321 ms - -[0m
[0mGET /js/app.js [36m304[0m 0.359 ms - -[0m
[0mGET /js/help.js [36m304[0m 0.484 ms - -[0m
[0mGET /api/audit-logs?limit=20&page=1 [32m200[0m 12.899 ms - 10770[0m
[0mGET /api/patient-transport [36m304[0m 21.028 ms - -[0m
[0mGET /api/pharmacy-transport [36m304[0m 22.585 ms - -[0m
[0mGET /api/clinics [36m304[0m 14.200 ms - -[0m
[0mGET /api/patients [36m304[0m 11.018 ms - -[0m
[0mGET /rx-records [36m304[0m 2.943 ms - -[0m
[0mGET /css/style.css [36m304[0m 0.334 ms - -[0m
[0mGET /js/app.js [36m304[0m 0.565 ms - -[0m
[0mGET /js/help.js [36m304[0m 0.651 ms - -[0m
[0mGET /api/pharmacies [36m304[0m 5.445 ms - -[0m
[0mGET /api/patients [36m304[0m 7.802 ms - -[0m
[0mGET /api/patient-transport [36m304[0m 7.788 ms - -[0m
[0mGET /api/audit-logs?limit=20&page=1 [32m200[0m 13.297 ms - 10770[0m
[0mGET /api/pharmacy-transport [36m304[0m 8.432 ms - -[0m
[0mGET /api/workflow-actions [36m304[0m 9.123 ms - -[0m
[0mGET /api/rx-records [32m200[0m 19.212 ms - 4642[0m
[0mGET /api/audit-logs?limit=20&page=1 [32m200[0m 153.215 ms - 10770[0m
[0mGET /api/audit-logs?limit=20&page=1 [32m200[0m 3.245 ms - 10770[0m
[0mGET /api/audit-logs?limit=20&page=1 [32m200[0m 63.443 ms - 10770[0m
[0mGET /api/audit-logs?limit=20&page=1 [32m200[0m 4.182 ms - 10770[0m
[0mGET /patients [36m304[0m 5.147 ms - -[0m
[0mGET /css/style.css [36m304[0m 0.528 ms - -[0m
[0mGET /js/app.js [36m304[0m 0.417 ms - -[0m
[0mGET /js/help.js [36m304[0m 0.405 ms - -[0m
[0mGET /api/patient-transport [36m304[0m 145.214 ms - -[0m
[0mGET /api/pharmacy-transport [36m304[0m 140.344 ms - -[0m
[0mGET /api/clinics [36m304[0m 142.747 ms - -[0m
[0mGET /api/audit-logs?limit=20&page=1 [32m200[0m 155.610 ms - 10770[0m
[0mGET /api/patients [36m304[0m 15.261 ms - -[0m
[0mPOST /api/errors [32m200[0m 8.212 ms - 11[0m
[0mGET /api/audit-logs?limit=20&page=1 [32m200[0m 157.838 ms - 10770[0m
[0mGET /rx-records [36m304[0m 3.741 ms - -[0m
[0mGET /css/style.css [36m304[0m 1.299 ms - -[0m
[0mGET /js/app.js [36m304[0m 0.719 ms - -[0m
[0mGET /js/help.js [36m304[0m 0.636 ms - -[0m
[0mGET /api/patients [36m304[0m 125.574 ms - -[0m
[0mGET /api/pharmacies [36m304[0m 127.116 ms - -[0m
[0mGET /api/pharmacy-transport [36m304[0m 122.926 ms - -[0m
[0mGET /api/patient-transport [36m304[0m 125.283 ms - -[0m
[0mGET /api/workflow-actions [36m304[0m 125.518 ms - -[0m
[0mGET /api/audit-logs?limit=20&page=1 [32m200[0m 144.245 ms - 10770[0m
[0mGET /api/rx-records [36m304[0m 19.608 ms - -[0m
[0mGET /patients [36m304[0m 4.001 ms - -[0m
[0mGET /css/style.css [36m304[0m 0.342 ms - -[0m
[0mGET /js/app.js [36m304[0m 0.718 ms - -[0m
[0mGET /js/help.js [36m304[0m 0.244 ms - -[0m
[0mGET /api/patient-transport [36m304[0m 139.060 ms - -[0m
[0mGET /api/pharmacy-transport [36m304[0m 139.392 ms - -[0m
[0mGET /api/clinics [36m304[0m 141.419 ms - -[0m
[0mGET /api/audit-logs?limit=20&page=1 [32m200[0m 185.229 ms - 10770[0m
[0mGET /api/patients [36m304[0m 13.090 ms - -[0m
[0mPOST /api/errors [32m200[0m 7.984 ms - 11[0m
[0mGET /api/audit-logs?limit=20&page=1 [32m200[0m 5.823 ms - 10770[0m
[0mGET /api/audit-logs?limit=20&page=1 [32m200[0m 51.632 ms - 10770[0m
[0mGET /rx-records [36m304[0m 4.954 ms - -[0m
[0mGET /css/style.css [36m304[0m 1.154 ms - -[0m
[0mGET /js/app.js [36m304[0m 2.171 ms - -[0m
[0mGET /js/help.js [36m304[0m 1.562 ms - -[0m
[0mGET /api/audit-logs?limit=20&page=1 [32m200[0m 10.447 ms - 10770[0m
[0mGET /api/patients [36m304[0m 17.843 ms - -[0m
[0mGET /api/pharmacies [36m304[0m 12.594 ms - -[0m
[0mGET /api/patient-transport [36m304[0m 14.566 ms - -[0m
[0mGET /api/pharmacy-transport [36m304[0m 11.455 ms - -[0m
[0mGET /api/workflow-actions [36m304[0m 14.891 ms - -[0m
[0mGET /api/rx-records [36m304[0m 15.158 ms - -[0m
[0mGET /api/audit-logs?limit=20&page=1 [32m200[0m 11.130 ms - 10770[0m
[0mGET /api/audit-logs?limit=20&page=1 [32m200[0m 50.237 ms - 10770[0m
[0mGET /api/audit-logs?limit=20&page=1 [32m200[0m 4.301 ms - 10770[0m
[0mGET /api/audit-logs?limit=20&page=1 [32m200[0m 163.194 ms - 10770[0m
[0mGET /api/audit-logs?limit=20&page=1 [32m200[0m 3.965 ms - 10770[0m
[0mGET /api/audit-logs?limit=20&page=1 [32m200[0m 50.230 ms - 10770[0m
[0mGET /api/audit-logs?limit=20&page=1 [32m200[0m 3.377 ms - 10770[0m
[0mPOST /api/rx-records [33m400[0m 64.922 ms - 79[0m
[0mPOST /api/rx-records [33m400[0m 56.771 ms - 70[0m
[0mPOST /api/rx-records [33m400[0m 1.280 ms - 70[0m
[0mGET /api/audit-logs?limit=20&page=1 [32m200[0m 55.662 ms - 10770[0m
[0mGET /api/audit-logs?limit=20&page=1 [32m200[0m 5.871 ms - 10770[0m
[0mGET /patients [36m304[0m 5.881 ms - -[0m
[0mGET /css/style.css [36m304[0m 5.891 ms - -[0m
[0mGET /js/app.js [36m304[0m 1.808 ms - -[0m
[0mGET /js/help.js [36m304[0m 0.391 ms - -[0m
[0mGET /api/audit-logs?limit=20&page=1 [32m200[0m 9.083 ms - 10770[0m
[0mGET /api/patient-transport [36m304[0m 8.942 ms - -[0m
[0mGET /api/clinics [36m304[0m 11.781 ms - -[0m
[0mGET /api/pharmacy-transport [36m304[0m 14.908 ms - -[0m
[0mGET /api/patients [36m304[0m 8.512 ms - -[0m
[0mPOST /api/errors [32m200[0m 8.034 ms - 11[0m
[0mGET /rx-records?patient=8&name=a%20b [32m200[0m 4.126 ms - 65115[0m
[0mGET /css/style.css [36m304[0m 0.679 ms - -[0m
[0mGET /js/app.js [36m304[0m 0.304 ms - -[0m
[0mGET /js/help.js [36m304[0m 0.359 ms - -[0m
[0mGET /api/audit-logs?limit=20&page=1 [32m200[0m 12.345 ms - 10770[0m
[0mGET /api/pharmacies [36m304[0m 12.349 ms - -[0m
[0mGET /api/patient-transport [36m304[0m 12.398 ms - -[0m
[0mGET /api/pharmacy-transport [36m304[0m 10.787 ms - -[0m
[0mGET /api/patients [36m304[0m 17.710 ms - -[0m
[0mGET /api/workflow-actions [36m304[0m 12.980 ms - -[0m
[0mGET /api/rx-records [36m304[0m 20.318 ms - -[0m
[0mGET /patients [36m304[0m 4.216 ms - -[0m
[0mGET /css/style.css [36m304[0m 0.506 ms - -[0m
[0mGET /js/app.js [36m304[0m 2.118 ms - -[0m
[0mGET /js/help.js [36m304[0m 1.748 ms - -[0m
[0mGET /api/patient-transport [36m304[0m 4.967 ms - -[0m
[0mGET /api/pharmacy-transport [36m304[0m 6.222 ms - -[0m
[0mGET /api/clinics [36m304[0m 9.175 ms - -[0m
[0mGET /api/audit-logs?limit=20&page=1 [32m200[0m 14.758 ms - 10770[0m
[0mGET /api/patients [36m304[0m 9.490 ms - -[0m
[0mGET /rx-records?patient=6&name=danie%20carvajal [32m200[0m 2.917 ms - 65115[0m
[0mGET /css/style.css [36m304[0m 0.323 ms - -[0m
[0mGET /js/app.js [36m304[0m 0.377 ms - -[0m
[0mGET /js/help.js [36m304[0m 0.342 ms - -[0m
[0mGET /api/patients [36m304[0m 6.954 ms - -[0m
[0mGET /api/pharmacies [36m304[0m 7.303 ms - -[0m
[0mGET /api/audit-logs?limit=20&page=1 [32m200[0m 8.940 ms - 10770[0m
[0mGET /api/patient-transport [36m304[0m 5.515 ms - -[0m
[0mGET /api/pharmacy-transport [36m304[0m 5.600 ms - -[0m
[0mGET /api/workflow-actions [36m304[0m 6.948 ms - -[0m
[0mGET /api/rx-records [36m304[0m 15.537 ms - -[0m
[0mGET /patients [36m304[0m 4.516 ms - -[0m
[0mGET /css/style.css [36m304[0m 0.290 ms - -[0m
[0mGET /js/app.js [36m304[0m 0.345 ms - -[0m
[0mGET /js/help.js [36m304[0m 0.371 ms - -[0m
[0mGET /api/patient-transport [36m304[0m 4.388 ms - -[0m
[0mGET /api/pharmacy-transport [36m304[0m 5.563 ms - -[0m
[0mGET /api/clinics [36m304[0m 5.345 ms - -[0m
[0mGET /api/audit-logs?limit=20&page=1 [32m200[0m 13.680 ms - 10770[0m
[0mGET /api/patients [36m304[0m 4.954 ms - -[0m
[0mGET /rx-records?patient=8&name=a%20b [36m304[0m 3.639 ms - -[0m
[0mGET /css/style.css [36m304[0m 0.312 ms - -[0m
[0mGET /js/app.js [36m304[0m 0.391 ms - -[0m
[0mGET /js/help.js [36m304[0m 0.654 ms - -[0m
[0mGET /api/audit-logs?limit=20&page=1 [32m200[0m 6.119 ms - 10770[0m
[0mGET /api/patients [36m304[0m 12.713 ms - -[0m
[0mGET /api/pharmacies [36m304[0m 13.524 ms - -[0m
[0mGET /api/patient-transport [36m304[0m 11.979 ms - -[0m
[0mGET /api/pharmacy-transport [36m304[0m 12.738 ms - -[0m
[0mGET /api/workflow-actions [36m304[0m 13.361 ms - -[0m
[0mGET /api/rx-records [36m304[0m 6.924 ms - -[0m
[0mGET /api/rx-records/3 [32m200[0m 70.239 ms - 1521[0m
[0mPOST /api/rx-records/undo-workflow [32m200[0m 17.241 ms - 29[0m
[0mGET /api/rx-records/3 [32m200[0m 5.539 ms - 1342[0m
[0mGET /api/rx-records [32m200[0m 11.226 ms - 4461[0m
[0mPOST /api/rx-records/undo-workflow [32m200[0m 7.705 ms - 29[0m
[0mGET /api/rx-records/3 [32m200[0m 3.534 ms - 1163[0m
[0mGET /api/rx-records [32m200[0m 9.532 ms - 4280[0m
[0mPOST /api/rx-records/undo-workflow [32m200[0m 8.320 ms - 29[0m
[0mGET /api/rx-records/3 [32m200[0m 4.473 ms - 984[0m
[0mGET /api/rx-records [32m200[0m 5.211 ms - 4099[0m
[0mGET /api/audit-logs?limit=20&page=1 [32m200[0m 4.498 ms - 10817[0m
[0mGET /rx-records [36m304[0m 4.688 ms - -[0m
[0mGET /css/style.css [36m304[0m 5.246 ms - -[0m
[0mGET /js/app.js [36m304[0m 1.178 ms - -[0m
[0mGET /js/help.js [36m304[0m 0.666 ms - -[0m
[0mGET /api/audit-logs?limit=20&page=1 [32m200[0m 6.086 ms - 10817[0m
[0mGET /api/patients [32m200[0m 10.617 ms - 5423[0m
[0mGET /api/pharmacies [36m304[0m 11.509 ms - -[0m
[0mGET /api/patient-transport [36m304[0m 12.174 ms - -[0m
[0mGET /api/pharmacy-transport [36m304[0m 9.947 ms - -[0m
[0mGET /api/workflow-actions [36m304[0m 12.398 ms - -[0m
[0mGET /api/rx-records [32m200[0m 21.706 ms - 4099[0m
[0mGET /api/rx-records/4 [36m304[0m 3.258 ms - -[0m
[0mPOST /api/auth/logout [32m200[0m 4.612 ms - 25[0m
[0mGET /login [36m304[0m 0.948 ms - -[0m
[0mGET /css/style.css [36m304[0m 4.402 ms - -[0m
[0mGET /api/audit-logs?limit=20&page=1 [32m200[0m 6.789 ms - 10793[0m
[0mGET /users [36m304[0m 1.329 ms - -[0m
[0mGET /css/style.css [36m304[0m 0.606 ms - -[0m
[0mGET /js/app.js [36m304[0m 3.207 ms - -[0m
[0mGET /js/help.js [36m304[0m 1.251 ms - -[0m
[0mGET /api/users [36m304[0m 5.667 ms - -[0m
[0mGET /api/audit-logs?limit=20&page=1 [32m200[0m 7.776 ms - 10793[0m
[0mPUT /api/users/2 [32m200[0m 58.191 ms - 1496[0m
[0mGET /api/users [32m200[0m 3.967 ms - 3010[0m
[0mPOST /api/auth/login [32m200[0m 63.536 ms - 1631[0m
[0mGET /dashboard [36m304[0m 2.937 ms - -[0m
[0mGET /css/style.css [36m304[0m 2.488 ms - -[0m
[0mGET /js/app.js [36m304[0m 0.921 ms - -[0m
[0mGET /js/help.js [36m304[0m 0.616 ms - -[0m
[0mGET /api/audit-logs?limit=20&page=1 [32m200[0m 5.811 ms - 10781[0m
[0mGET /api/dashboard/stats [32m200[0m 22.540 ms - 5773[0m
[0mGET /api/dashboard/rx-pipeline [32m200[0m 12.225 ms - 367[0m
[0mGET /api/dashboard/charts [32m200[0m 14.933 ms - 167[0m
[0mGET /rx-records [36m304[0m 4.354 ms - -[0m
[0mGET /css/style.css [36m304[0m 0.484 ms - -[0m
[0mGET /js/app.js [36m304[0m 0.714 ms - -[0m
[0mGET /js/help.js [36m304[0m 0.942 ms - -[0m
[0mGET /api/audit-logs?limit=20&page=1 [32m200[0m 10.822 ms - 10781[0m
[0mGET /api/patients [36m304[0m 10.967 ms - -[0m
[0mGET /api/patient-transport [36m304[0m 10.098 ms - -[0m
[0mGET /api/pharmacy-transport [36m304[0m 8.081 ms - -[0m
[0mGET /api/workflow-actions [36m304[0m 8.935 ms - -[0m
[0mGET /api/pharmacies [36m304[0m 13.945 ms - -[0m
[0mGET /api/rx-records [36m304[0m 20.178 ms - -[0m
[0mGET /api/rx-records/4 [36m304[0m 15.957 ms - -[0m
[0mPOST /api/rx-records/workflow [32m200[0m 15.777 ms - 178[0m
[0mGET /api/rx-records/4 [32m200[0m 4.978 ms - 1373[0m
[0mGET /api/rx-records [32m200[0m 12.189 ms - 4280[0m
[0mGET /api/audit-logs?limit=20&page=1 [32m200[0m 48.809 ms - 10799[0m
[0mGET /api/rx-records/3 [32m200[0m 8.191 ms - 984[0m
[0mPOST /api/rx-records/workflow [32m200[0m 13.047 ms - 178[0m
[0mGET /api/rx-records/3 [32m200[0m 3.664 ms - 1163[0m
[0mGET /api/rx-records [32m200[0m 8.429 ms - 4461[0m
[0mGET /api/rx-records/4 [36m304[0m 63.777 ms - -[0m
[0mGET /api/audit-logs?limit=20&page=1 [32m200[0m 6.245 ms - 10812[0m
[0mGET /api/audit-logs?limit=20&page=1 [32m200[0m 57.150 ms - 10812[0m
[0mGET /api/audit-logs?limit=20&page=1 [32m200[0m 49.270 ms - 10812[0m
[0mGET /workflow-actions [36m304[0m 1.945 ms - -[0m
[0mGET /css/style.css [36m304[0m 0.819 ms - -[0m
[0mGET /js/app.js [36m304[0m 0.713 ms - -[0m
[0mGET /js/help.js [36m304[0m 0.860 ms - -[0m
[0mGET /api/workflow-actions [36m304[0m 83.905 ms - -[0m
[0mGET /api/audit-logs?limit=20&page=1 [32m200[0m 99.075 ms - 10812[0m
[0mPUT /api/workflow-actions/1 [32m200[0m 60.336 ms - 190[0m
[0mGET /api/workflow-actions [32m200[0m 2.498 ms - 1177[0m
[0mPUT /api/workflow-actions/2 [32m200[0m 61.642 ms - 195[0m
[0mGET /api/workflow-actions [32m200[0m 1.724 ms - 1179[0m
[0mPUT /api/workflow-actions/1 [32m200[0m 64.016 ms - 190[0m
[0mGET /api/workflow-actions [32m200[0m 7.186 ms - 1179[0m
[0mPUT /api/workflow-actions/2 [32m200[0m 4.926 ms - 188[0m
[0mGET /api/workflow-actions [32m200[0m 1.953 ms - 1172[0m
[0mGET /api/audit-logs?limit=20&page=1 [32m200[0m 14.312 ms - 11287[0m
[0mGET /api/audit-logs?limit=20&page=1 [32m200[0m 50.165 ms - 11287[0m
[0mGET /api/audit-logs?limit=20&page=1 [32m200[0m 52.789 ms - 11287[0m
[0mPUT /api/workflow-actions/3 [32m200[0m 5.741 ms - 189[0m
[0mGET /api/workflow-actions [32m200[0m 2.732 ms - 1159[0m
[0mGET /api/audit-logs?limit=20&page=1 [32m200[0m 4.088 ms - 9994[0m
[0mGET /api/audit-logs?limit=20&page=1 [32m200[0m 73.035 ms - 9994[0m
[0mGET /api/audit-logs?limit=20&page=1 [32m200[0m 46.639 ms - 9994[0m
[0mPUT /api/workflow-actions/4 [32m200[0m 8.966 ms - 206[0m
[0mGET /api/workflow-actions [32m200[0m 2.790 ms - 1178[0m
[0mGET /api/audit-logs?limit=20&page=1 [32m200[0m 54.271 ms - 10172[0m
[0mGET /api/audit-logs?limit=20&page=1 [32m200[0m 49.308 ms - 10172[0m
[0mPUT /api/workflow-actions/5 [32m200[0m 70.834 ms - 196[0m
[0mGET /api/workflow-actions [32m200[0m 1.745 ms - 1182[0m
[0mGET /api/audit-logs?limit=20&page=1 [32m200[0m 51.440 ms - 10330[0m
[0mPUT /api/workflow-actions/6 [32m200[0m 7.027 ms - 212[0m
[0mGET /api/workflow-actions [32m200[0m 1.998 ms - 1188[0m
[0mGET /api/audit-logs?limit=20&page=1 [32m200[0m 3.042 ms - 10251[0m
[0mGET /rx-records [36m304[0m 3.943 ms - -[0m
[0mGET /css/style.css [36m304[0m 2.249 ms - -[0m
[0mGET /js/app.js [36m304[0m 2.344 ms - -[0m
[0mGET /js/help.js [36m304[0m 1.507 ms - -[0m
[0mGET /api/patients [36m304[0m 77.099 ms - -[0m
[0mGET /api/pharmacies [36m304[0m 77.697 ms - -[0m
[0mGET /api/patient-transport [36m304[0m 78.031 ms - -[0m
[0mGET /api/workflow-actions [36m304[0m 80.092 ms - -[0m
[0mGET /api/pharmacy-transport [36m304[0m 81.033 ms - -[0m
[0mGET /api/audit-logs?limit=20&page=1 [32m200[0m 91.808 ms - 10251[0m
[0mGET /api/rx-records [32m200[0m 28.668 ms - 4461[0m
[0mGET /rx-records [36m304[0m 4.318 ms - -[0m
[0mGET /css/style.css [36m304[0m 1.571 ms - -[0m
[0mGET /js/app.js [36m304[0m 0.518 ms - -[0m
[0mGET /js/help.js [36m304[0m 0.825 ms - -[0m
[0mGET /api/pharmacies [36m304[0m 2.797 ms - -[0m
[0mGET /api/audit-logs?limit=20&page=1 [32m200[0m 12.706 ms - 10251[0m
[0mGET /api/pharmacy-transport [36m304[0m 6.342 ms - -[0m
[0mGET /api/workflow-actions [36m304[0m 7.123 ms - -[0m
[0mGET /api/patient-transport [36m304[0m 8.368 ms - -[0m
[0mGET /api/patients [36m304[0m 15.055 ms - -[0m
[0mGET /api/rx-records [36m304[0m 13.965 ms - -[0m
[0mGET /api/rx-records/4 [32m200[0m 3.414 ms - 1373[0m
[0mPOST /api/rx-records/undo-workflow [32m200[0m 14.758 ms - 29[0m
[0mGET /api/rx-records/4 [32m200[0m 3.910 ms - 1194[0m
[0mGET /api/rx-records [32m200[0m 5.949 ms - 4280[0m
[0mPOST /api/rx-records/undo-workflow [32m200[0m 8.925 ms - 29[0m
[0mGET /api/rx-records/4 [32m200[0m 2.830 ms - 1016[0m
[0mGET /api/rx-records [32m200[0m 8.966 ms - 4101[0m
[0mPOST /api/rx-records/workflow [32m200[0m 7.708 ms - 178[0m
[0mGET /api/rx-records/4 [32m200[0m 3.248 ms - 1194[0m
[0mGET /api/rx-records [32m200[0m 6.547 ms - 4280[0m
[0mGET /api/audit-logs?limit=20&page=1 [32m200[0m 59.224 ms - 9556[0m
[0mPOST /api/rx-records/workflow [32m200[0m 17.681 ms - 178[0m
[0mGET /api/rx-records/4 [32m200[0m 9.810 ms - 1373[0m
[0mGET /api/rx-records [32m200[0m 9.344 ms - 4461[0m
[0mPOST /api/rx-records/workflow [32m200[0m 10.522 ms - 178[0m
[0mGET /api/rx-records/4 [32m200[0m 4.507 ms - 1552[0m
[0mGET /api/rx-records [32m200[0m 4.834 ms - 4642[0m
[0mPOST /api/rx-records/undo-workflow [32m200[0m 8.761 ms - 29[0m
[0mGET /api/rx-records/4 [32m200[0m 5.402 ms - 1373[0m
[0mGET /api/rx-records [32m200[0m 9.254 ms - 4461[0m
[0mPOST /api/rx-records/undo-workflow [32m200[0m 8.511 ms - 29[0m
[0mGET /api/rx-records/4 [32m200[0m 3.419 ms - 1194[0m
[0mGET /api/rx-records [32m200[0m 5.355 ms - 4280[0m
[0mGET /api/audit-logs?limit=20&page=1 [32m200[0m 6.159 ms - 9369[0m
[0mGET /audit-log [36m304[0m 4.563 ms - -[0m
[0mGET /css/style.css [36m304[0m 2.006 ms - -[0m
[0mGET /js/app.js [36m304[0m 1.676 ms - -[0m
[0mGET /js/help.js [36m304[0m 3.127 ms - -[0m
[0mGET /api/errors?limit=100 [32m200[0m 100.479 ms - 30712[0m
[0mGET /api/audit-logs/modules [36m304[0m 103.681 ms - -[0m
[0mGET /api/audit-logs?limit=20&page=1 [32m200[0m 108.226 ms - 9369[0m
[0mGET /api/audit-logs/users [36m304[0m 107.495 ms - -[0m
[0mGET /api/audit-logs?limit=10&offset=0 [32m200[0m 7.286 ms - 3947[0m
[0mGET /api/audit-logs?limit=20&page=1 [32m200[0m 51.585 ms - 9369[0m
[0mGET /api/audit-logs?userId=2&limit=10&offset=0 [32m200[0m 59.743 ms - 2929[0m
[0mGET /api/audit-logs?userId=1&limit=10&offset=0 [32m200[0m 3.247 ms - 3947[0m
[0mGET /api/audit-logs?limit=20&page=1 [32m200[0m 3.220 ms - 9369[0m
[0mGET /api/audit-logs?limit=20&page=1 [32m200[0m 65.145 ms - 9369[0m
[0mGET /patients [36m304[0m 4.528 ms - -[0m
[0mGET /js/app.js [36m304[0m 0.871 ms - -[0m
[0mGET /css/style.css [36m304[0m 1.598 ms - -[0m
[0mGET /js/help.js [36m304[0m 1.144 ms - -[0m
[0mGET /api/patient-transport [36m304[0m 98.207 ms - -[0m
[0mGET /api/pharmacy-transport [36m304[0m 100.057 ms - -[0m
[0mGET /api/audit-logs?limit=20&page=1 [32m200[0m 107.932 ms - 9369[0m
[0mGET /api/clinics [36m304[0m 108.184 ms - -[0m
[0mGET /api/patients [36m304[0m 13.971 ms - -[0m
[0mGET /api/audit-logs?limit=20&page=1 [32m200[0m 57.963 ms - 9369[0m
[0mGET /api/audit-logs?limit=20&page=1 [32m200[0m 57.750 ms - 9369[0m
[0mGET /dashboard [36m304[0m 2.425 ms - -[0m
[0mGET /css/style.css [36m304[0m 4.343 ms - -[0m
[0mGET /js/app.js [36m304[0m 0.498 ms - -[0m
[0mGET /js/help.js [36m304[0m 0.309 ms - -[0m
[0mGET /api/audit-logs?limit=20&page=1 [32m200[0m 9.409 ms - 9369[0m
[0mGET /api/dashboard/stats [32m200[0m 26.692 ms - 4464[0m
[0mGET /api/dashboard/rx-pipeline [32m200[0m 8.821 ms - 392[0m
[0mGET /api/dashboard/charts [32m200[0m 25.121 ms - 167[0m
[0mGET /api/dashboard/active-patients [32m200[0m 63.103 ms - 5423[0m
[0mGET /patients?status=active [32m200[0m 7.058 ms - 75614[0m
[0mGET /css/style.css [36m304[0m 0.687 ms - -[0m
[0mGET /js/app.js [36m304[0m 1.561 ms - -[0m
[0mGET /js/help.js [36m304[0m 1.586 ms - -[0m
[0mGET /api/patient-transport [36m304[0m 7.212 ms - -[0m
[0mGET /api/pharmacy-transport [36m304[0m 8.247 ms - -[0m
[0mGET /api/audit-logs?limit=20&page=1 [32m200[0m 16.698 ms - 9369[0m
[0mGET /api/clinics [36m304[0m 5.403 ms - -[0m
[0mGET /api/patients [36m304[0m 18.279 ms - -[0m
[0mGET /api/audit-logs?limit=20&page=1 [32m200[0m 7.700 ms - 9369[0m
[0mGET /dashboard [36m304[0m 4.570 ms - -[0m
[0mGET /css/style.css [36m304[0m 1.015 ms - -[0m
[0mGET /js/app.js [36m304[0m 0.905 ms - -[0m
[0mGET /js/help.js [36m304[0m 0.693 ms - -[0m
[0mGET /api/audit-logs?limit=20&page=1 [32m200[0m 6.710 ms - 9369[0m
[0mGET /api/dashboard/stats [36m304[0m 31.914 ms - -[0m
[0mGET /api/dashboard/rx-pipeline [36m304[0m 7.195 ms - -[0m
[0mGET /api/dashboard/charts [36m304[0m 18.881 ms - -[0m
[0mGET /api/dashboard/pending-rx [32m200[0m 4.890 ms - 2068[0m
[0mGET /rx-records?pending=true [32m200[0m 3.640 ms - 65115[0m
[0mGET /css/style.css [36m304[0m 1.160 ms - -[0m
[0mGET /js/app.js [36m304[0m 1.031 ms - -[0m
[0mGET /js/help.js [36m304[0m 1.451 ms - -[0m
[0mGET /api/audit-logs?limit=20&page=1 [32m200[0m 14.208 ms - 9369[0m
[0mGET /api/patients [36m304[0m 14.410 ms - -[0m
[0mGET /api/patient-transport [36m304[0m 9.665 ms - -[0m
[0mGET /api/pharmacy-transport [36m304[0m 9.801 ms - -[0m
[0mGET /api/workflow-actions [36m304[0m 10.613 ms - -[0m
[0mGET /api/pharmacies [36m304[0m 17.141 ms - -[0m
[0mGET /api/rx-records [36m304[0m 17.645 ms - -[0m
[0mGET /dashboard [36m304[0m 3.709 ms - -[0m
[0mGET /css/style.css [36m304[0m 1.122 ms - -[0m
[0mGET /js/app.js [36m304[0m 0.903 ms - -[0m
[0mGET /js/help.js [36m304[0m 0.372 ms - -[0m
[0mGET /api/audit-logs?limit=20&page=1 [32m200[0m 14.006 ms - 9369[0m
[0mGET /api/dashboard/stats [36m304[0m 33.013 ms - -[0m
[0mGET /api/dashboard/rx-pipeline [36m304[0m 7.359 ms - -[0m
[0mGET /api/dashboard/charts [36m304[0m 20.583 ms - -[0m
[0mGET /api/dashboard/total-rx [32m200[0m 3.764 ms - 2068[0m
[0mGET /rx-records [36m304[0m 4.807 ms - -[0m
[0mGET /css/style.css [36m304[0m 0.423 ms - -[0m
[0mGET /js/app.js [36m304[0m 0.465 ms - -[0m
[0mGET /js/help.js [36m304[0m 2.582 ms - -[0m
[0mGET /api/audit-logs?limit=20&page=1 [32m200[0m 12.300 ms - 9369[0m
[0mGET /api/pharmacies [36m304[0m 10.870 ms - -[0m
[0mGET /api/pharmacy-transport [36m304[0m 6.914 ms - -[0m
[0mGET /api/workflow-actions [36m304[0m 8.014 ms - -[0m
[0mGET /api/patients [36m304[0m 16.141 ms - -[0m
[0mGET /api/patient-transport [36m304[0m 12.558 ms - -[0m
[0mGET /api/rx-records [36m304[0m 10.935 ms - -[0m
[0mGET /patients [36m304[0m 6.718 ms - -[0m
[0mGET /css/style.css [36m304[0m 1.899 ms - -[0m
[0mGET /js/app.js [36m304[0m 4.102 ms - -[0m
[0mGET /js/help.js [36m304[0m 0.269 ms - -[0m
[0mGET /api/audit-logs?limit=20&page=1 [32m200[0m 4.364 ms - 9369[0m
[0mGET /api/patient-transport [36m304[0m 2.501 ms - -[0m
[0mGET /api/pharmacy-transport [36m304[0m 9.021 ms - -[0m
[0mGET /api/clinics [36m304[0m 8.674 ms - -[0m
[0mGET /api/patients [36m304[0m 4.690 ms - -[0m
[0mGET /dashboard [36m304[0m 2.745 ms - -[0m
[0mGET /css/style.css [36m304[0m 0.424 ms - -[0m
[0mGET /js/app.js [36m304[0m 1.079 ms - -[0m
[0mGET /js/help.js [36m304[0m 1.199 ms - -[0m
[0mGET /api/audit-logs?limit=20&page=1 [32m200[0m 9.733 ms - 9369[0m
[0mGET /api/dashboard/stats [36m304[0m 18.255 ms - -[0m
[0mGET /api/dashboard/rx-pipeline [36m304[0m 5.361 ms - -[0m
[0mGET /api/dashboard/charts [36m304[0m 15.545 ms - -[0m
[0mGET /api/audit-logs?limit=20&page=1 [32m200[0m 3.658 ms - 9369[0m
[0mGET /api/audit-logs?limit=20&page=1 [32m200[0m 56.651 ms - 9369[0m
[0mGET /api/audit-logs?limit=20&page=1 [32m200[0m 3.875 ms - 9369[0m
[0mGET /api/audit-logs?limit=20&page=1 [32m200[0m 53.298 ms - 9369[0m
[0mGET /rx-records [36m304[0m 4.787 ms - -[0m
[0mGET /css/style.css [36m304[0m 0.434 ms - -[0m
[0mGET /js/app.js [36m304[0m 3.156 ms - -[0m
[0mGET /js/help.js [36m304[0m 1.393 ms - -[0m
[0mGET /api/audit-logs?limit=20&page=1 [32m200[0m 7.357 ms - 9369[0m
[0mGET /api/patients [36m304[0m 22.113 ms - -[0m
[0mGET /api/pharmacy-transport [36m304[0m 18.529 ms - -[0m
[0mGET /api/patient-transport [36m304[0m 20.701 ms - -[0m
[0mGET /api/workflow-actions [36m304[0m 22.794 ms - -[0m
[0mGET /api/pharmacies [36m304[0m 32.841 ms - -[0m
[0mGET /api/rx-records [36m304[0m 18.388 ms - -[0m
[0mGET /api/audit-logs?limit=20&page=1 [32m200[0m 6.748 ms - 9369[0m
[0mGET /api/audit-logs?limit=20&page=1 [32m200[0m 56.520 ms - 9369[0m
[0mGET /api/audit-logs?limit=20&page=1 [32m200[0m 2.908 ms - 9369[0m
[0mGET /api/audit-logs?limit=20&page=1 [32m200[0m 56.160 ms - 9369[0m
[0mGET /api/rx-records/4 [36m304[0m 20.713 ms - -[0m
[0mGET /patients [36m304[0m 6.577 ms - -[0m
[0mGET /css/style.css [36m304[0m 1.511 ms - -[0m
[0mGET /js/app.js [36m304[0m 0.509 ms - -[0m
[0mGET /js/help.js [36m304[0m 0.541 ms - -[0m
[0mGET /api/patient-transport [36m304[0m 4.439 ms - -[0m
[0mGET /api/pharmacy-transport [36m304[0m 7.965 ms - -[0m
[0mGET /api/audit-logs?limit=20&page=1 [32m200[0m 18.504 ms - 9369[0m
[0mGET /api/clinics [36m304[0m 12.607 ms - -[0m
[0mGET /api/patients [36m304[0m 6.250 ms - -[0m
[0mGET /rx-records [36m304[0m 3.128 ms - -[0m
[0mGET /css/style.css [36m304[0m 0.758 ms - -[0m
[0mGET /js/app.js [36m304[0m 1.102 ms - -[0m
[0mGET /js/help.js [36m304[0m 0.730 ms - -[0m
[0mGET /api/audit-logs?limit=20&page=1 [32m200[0m 16.762 ms - 9369[0m
[0mGET /api/workflow-actions [36m304[0m 7.893 ms - -[0m
[0mGET /api/patient-transport [36m304[0m 9.153 ms - -[0m
[0mGET /api/pharmacy-transport [36m304[0m 14.119 ms - -[0m
[0mGET /api/pharmacies [36m304[0m 14.244 ms - -[0m
[0mGET /api/patients [36m304[0m 20.052 ms - -[0m
[0mGET /api/rx-records [36m304[0m 16.316 ms - -[0m
[0mGET /api/audit-logs?limit=20&page=1 [32m200[0m 6.020 ms - 9369[0m
[0mGET /patients [36m304[0m 5.110 ms - -[0m
[0mGET /css/style.css [36m304[0m 0.302 ms - -[0m
[0mGET /js/app.js [36m304[0m 2.722 ms - -[0m
[0mGET /js/help.js [36m304[0m 2.890 ms - -[0m
[0mGET /api/audit-logs?limit=20&page=1 [32m200[0m 6.493 ms - 9369[0m
[0mGET /api/pharmacy-transport [36m304[0m 4.781 ms - -[0m
[0mGET /api/patient-transport [36m304[0m 6.792 ms - -[0m
[0mGET /api/clinics [36m304[0m 9.674 ms - -[0m
[0mGET /api/patients [36m304[0m 11.509 ms - -[0m
[0mGET /rx-records [36m304[0m 2.783 ms - -[0m
[0mGET /css/style.css [36m304[0m 0.330 ms - -[0m
[0mGET /js/app.js [36m304[0m 0.330 ms - -[0m
[0mGET /js/help.js [36m304[0m 0.369 ms - -[0m
[0mGET /api/patients [36m304[0m 97.170 ms - -[0m
[0mGET /api/patient-transport [36m304[0m 93.600 ms - -[0m
[0mGET /api/pharmacies [36m304[0m 94.428 ms - -[0m
[0mGET /api/pharmacy-transport [36m304[0m 95.406 ms - -[0m
[0mGET /api/workflow-actions [36m304[0m 95.450 ms - -[0m
[0mGET /api/audit-logs?limit=20&page=1 [32m200[0m 110.050 ms - 9369[0m
[0mGET /api/rx-records [36m304[0m 17.186 ms - -[0m
[0mGET /patients [36m304[0m 5.136 ms - -[0m
[0mGET /css/style.css [36m304[0m 0.324 ms - -[0m
[0mGET /js/app.js [36m304[0m 0.547 ms - -[0m
[0mGET /js/help.js [36m304[0m 1.208 ms - -[0m
[0mGET /api/patient-transport [36m304[0m 6.348 ms - -[0m
[0mGET /api/pharmacy-transport [36m304[0m 5.857 ms - -[0m
[0mGET /api/clinics [36m304[0m 6.083 ms - -[0m
[0mGET /api/audit-logs?limit=20&page=1 [32m200[0m 12.696 ms - 9369[0m
[0mGET /api/patients [36m304[0m 6.277 ms - -[0m
[0mGET /api/audit-logs?limit=20&page=1 [32m200[0m 152.224 ms - 9369[0m
[0mGET /api/audit-logs?limit=20&page=1 [32m200[0m 3.892 ms - 9369[0m
[0mGET /api/audit-logs?limit=20&page=1 [32m200[0m 162.892 ms - 9369[0m
[0mGET /api/audit-logs?limit=20&page=1 [32m200[0m 49.485 ms - 9369[0m
[0mGET /dashboard [36m304[0m 3.661 ms - -[0m
[0mGET /css/style.css [36m304[0m 2.124 ms - -[0m
[0mGET /js/app.js [36m304[0m 1.794 ms - -[0m
[0mGET /js/help.js [36m304[0m 1.111 ms - -[0m
[0mGET /api/audit-logs?limit=20&page=1 [32m200[0m 4.779 ms - 9369[0m
[0mGET /api/dashboard/stats [36m304[0m 16.532 ms - -[0m
[0mGET /api/dashboard/charts [36m304[0m 23.655 ms - -[0m
[0mGET /api/dashboard/rx-pipeline [36m304[0m 27.357 ms - -[0m
[0mGET /api/audit-logs?limit=20&page=1 [32m200[0m 51.084 ms - 9369[0m
[0mGET /api/audit-logs?limit=20&page=1 [32m200[0m 3.236 ms - 9369[0m
[0mGET /api/audit-logs?limit=20&page=1 [32m200[0m 47.017 ms - 9369[0m
[0mGET /api/audit-logs?limit=20&page=1 [32m200[0m 53.435 ms - 9369[0m
[0mGET /api/audit-logs?limit=20&page=1 [32m200[0m 3.400 ms - 9369[0m
[0mGET /api/audit-logs?limit=20&page=1 [32m200[0m 52.945 ms - 9369[0m
[0mGET /api/audit-logs?limit=20&page=1 [32m200[0m 3.328 ms - 9369[0m
[0mGET /api/audit-logs?limit=20&page=1 [32m200[0m 50.802 ms - 9369[0m
[0mGET /api/audit-logs?limit=20&page=1 [32m200[0m 67.179 ms - 9369[0m
[0mGET /api/audit-logs?limit=20&page=1 [32m200[0m 4.561 ms - 9369[0m
[0mGET /api/audit-logs?limit=20&page=1 [32m200[0m 54.175 ms - 9369[0m
[0mGET /api/audit-logs?limit=20&page=1 [32m200[0m 3.821 ms - 9369[0m
[0mGET /api/audit-logs?limit=20&page=1 [32m200[0m 47.407 ms - 9369[0m
[0mGET /api/audit-logs?limit=20&page=1 [32m200[0m 49.178 ms - 9369[0m
[0mGET /api/audit-logs?limit=20&page=1 [32m200[0m 57.582 ms - 9369[0m
[0mGET /api/audit-logs?limit=20&page=1 [32m200[0m 54.001 ms - 9369[0m
[0mGET /api/audit-logs?limit=20&page=1 [32m200[0m 160.376 ms - 9369[0m
[0mGET /api/audit-logs?limit=20&page=1 [32m200[0m 59.716 ms - 9369[0m
[0mGET /api/audit-logs?limit=20&page=1 [32m200[0m 56.729 ms - 9369[0m
[0mGET /api/audit-logs?limit=20&page=1 [32m200[0m 7.278 ms - 9369[0m
[0mGET /api/audit-logs?limit=20&page=1 [32m200[0m 3.335 ms - 9369[0m
[0mGET /api/audit-logs?limit=20&page=1 [32m200[0m 55.361 ms - 9369[0m
[0mGET /api/audit-logs?limit=20&page=1 [32m200[0m 57.383 ms - 9369[0m
[0mGET /api/audit-logs?limit=20&page=1 [32m200[0m 59.576 ms - 9369[0m
[0mGET /api/audit-logs?limit=20&page=1 [32m200[0m 3.334 ms - 9369[0m
[0mGET /api/audit-logs?limit=20&page=1 [32m200[0m 3.404 ms - 9369[0m
[0mGET /api/audit-logs?limit=20&page=1 [32m200[0m 65.073 ms - 9369[0m
[0mGET /api/audit-logs?limit=20&page=1 [32m200[0m 73.981 ms - 9369[0m
[0mGET /api/audit-logs?limit=20&page=1 [32m200[0m 70.891 ms - 9369[0m
[0mGET /api/audit-logs?limit=20&page=1 [32m200[0m 3.606 ms - 9369[0m
[0mGET /api/audit-logs?limit=20&page=1 [32m200[0m 4.044 ms - 9369[0m
[0mGET /patients [36m304[0m 5.091 ms - -[0m
[0mGET /css/style.css [36m304[0m 1.797 ms - -[0m
[0mGET /js/app.js [36m304[0m 0.404 ms - -[0m
[0mGET /js/help.js [36m304[0m 1.001 ms - -[0m
[0mGET /api/patient-transport [36m304[0m 146.137 ms - -[0m
[0mGET /api/pharmacy-transport [36m304[0m 141.386 ms - -[0m
[0mGET /api/clinics [36m304[0m 139.932 ms - -[0m
[0mGET /api/audit-logs?limit=20&page=1 [32m200[0m 154.074 ms - 9369[0m
[0mGET /api/patients [36m304[0m 15.287 ms - -[0m
[0mDELETE /api/patients/7 [32m204[0m 61.912 ms - -[0m
[0mGET /api/patients [32m200[0m 7.859 ms - 4462[0m
[0mGET /dashboard [36m304[0m 3.573 ms - -[0m
[0mGET /css/style.css [36m304[0m 0.853 ms - -[0m
[0mGET /js/app.js [36m304[0m 0.378 ms - -[0m
[0mGET /js/help.js [36m304[0m 0.504 ms - -[0m
[0mGET /api/audit-logs?limit=20&page=1 [32m200[0m 18.163 ms - 9369[0m
[0mGET /api/dashboard/stats [32m200[0m 29.083 ms - 4464[0m
[0mGET /api/dashboard/rx-pipeline [36m304[0m 12.876 ms - -[0m
[0mGET /api/dashboard/charts [32m200[0m 28.248 ms - 167[0m
[0mGET /api/dashboard/active-patients [32m200[0m 8.077 ms - 4462[0m
[0mGET /api/dashboard/active-patients [36m304[0m 2.789 ms - -[0m
[0mGET /patients [36m304[0m 5.156 ms - -[0m
[0mGET /css/style.css [36m304[0m 0.578 ms - -[0m
[0mGET /js/app.js [36m304[0m 0.335 ms - -[0m
[0mGET /js/help.js [36m304[0m 0.340 ms - -[0m
[0mGET /api/patient-transport [36m304[0m 7.387 ms - -[0m
[0mGET /api/audit-logs?limit=20&page=1 [32m200[0m 16.092 ms - 9369[0m
[0mGET /api/pharmacy-transport [36m304[0m 12.849 ms - -[0m
[0mGET /api/clinics [36m304[0m 12.722 ms - -[0m
[0mGET /api/patients [36m304[0m 3.746 ms - -[0m
[0mGET /rx-records [36m304[0m 3.464 ms - -[0m
[0mGET /css/style.css [36m304[0m 0.322 ms - -[0m
[0mGET /js/app.js [36m304[0m 0.687 ms - -[0m
[0mGET /js/help.js [36m304[0m 2.378 ms - -[0m
[0mGET /api/patient-transport [36m304[0m 3.510 ms - -[0m
[0mGET /api/pharmacies [36m304[0m 5.129 ms - -[0m
[0mGET /api/pharmacy-transport [36m304[0m 3.975 ms - -[0m
[0mGET /api/audit-logs?limit=20&page=1 [32m200[0m 10.350 ms - 9369[0m
[0mGET /api/workflow-actions [36m304[0m 5.667 ms - -[0m
[0mGET /api/patients [36m304[0m 12.553 ms - -[0m
[0mGET /api/rx-records [36m304[0m 15.421 ms - -[0m
[0mGET /api/rx-records/4 [36m304[0m 3.120 ms - -[0m
[0mPOST /api/rx-records/workflow [32m200[0m 14.515 ms - 178[0m
[0mGET /api/rx-records/4 [32m200[0m 4.811 ms - 1373[0m
[0mGET /api/rx-records [32m200[0m 6.661 ms - 4461[0m
[0mPOST /api/rx-records/undo-workflow [32m200[0m 7.351 ms - 29[0m
[0mGET /api/rx-records/4 [32m200[0m 4.248 ms - 1194[0m
[0mGET /api/rx-records [32m200[0m 7.064 ms - 4280[0m
[0mPOST /api/rx-records/undo-workflow [32m200[0m 10.496 ms - 29[0m
[0mGET /api/rx-records/4 [32m200[0m 5.255 ms - 1016[0m
[0mGET /api/rx-records [32m200[0m 6.813 ms - 4101[0m
[0mGET /api/audit-logs?limit=20&page=1 [32m200[0m 7.259 ms - 8032[0m
[0mGET /api/audit-logs?limit=20&page=1 [32m200[0m 7.000 ms - 8032[0m
[0mGET /api/audit-logs?limit=20&page=1 [32m200[0m 4.231 ms - 8032[0m
[0mGET /api/audit-logs?limit=20&page=1 [32m200[0m 7.964 ms - 8032[0m
[0mGET /api/rx-records/3 [32m200[0m 12.006 ms - 1163[0m
[0mPOST /api/rx-records/undo-workflow [32m200[0m 23.835 ms - 29[0m
[0mGET /api/rx-records/3 [32m200[0m 6.122 ms - 984[0m
[0mGET /api/rx-records [32m200[0m 13.915 ms - 3920[0m
[0mPOST /api/rx-records/undo-workflow [32m200[0m 10.925 ms - 29[0m
[0mGET /api/rx-records/3 [32m200[0m 4.387 ms - 806[0m
[0mGET /api/rx-records [32m200[0m 6.541 ms - 3741[0m
[0mGET /dashboard [36m304[0m 2.746 ms - -[0m
[0mGET /css/style.css [36m304[0m 0.992 ms - -[0m
[0mGET /js/app.js [36m304[0m 0.492 ms - -[0m
[0mGET /js/help.js [36m304[0m 0.365 ms - -[0m
[0mGET /api/audit-logs?limit=20&page=1 [32m200[0m 5.698 ms - 8026[0m
[0mGET /api/dashboard/stats [32m200[0m 16.260 ms - 4434[0m
[0mGET /api/dashboard/rx-pipeline [32m200[0m 9.976 ms - 392[0m
[0mGET /api/dashboard/charts [36m304[0m 38.304 ms - -[0m
[0mGET /dashboard [36m304[0m 2.468 ms - -[0m
[0mGET /css/style.css [36m304[0m 1.791 ms - -[0m
[0mGET /js/help.js [36m304[0m 0.517 ms - -[0m
[0mGET /js/app.js [36m304[0m 0.936 ms - -[0m
[0mGET /api/audit-logs?limit=20&page=1 [32m200[0m 4.500 ms - 8026[0m
[0mGET /api/dashboard/stats [36m304[0m 8.380 ms - -[0m
[0mGET /api/dashboard/rx-pipeline [36m304[0m 6.131 ms - -[0m
[0mGET /api/dashboard/charts [36m304[0m 17.891 ms - -[0m
[0mGET /patients [36m304[0m 4.536 ms - -[0m
[0mGET /css/style.css [36m304[0m 0.255 ms - -[0m
[0mGET /js/app.js [36m304[0m 0.450 ms - -[0m
[0mGET /js/help.js [36m304[0m 1.853 ms - -[0m
[0mGET /api/audit-logs?limit=20&page=1 [32m200[0m 6.685 ms - 8026[0m
[0mGET /api/patient-transport [36m304[0m 11.095 ms - -[0m
[0mGET /api/pharmacy-transport [36m304[0m 11.335 ms - -[0m
[0mGET /api/clinics [36m304[0m 10.232 ms - -[0m
[0mGET /api/patients [36m304[0m 4.617 ms - -[0m
[0mGET /rx-records [36m304[0m 3.814 ms - -[0m
[0mGET /css/style.css [36m304[0m 0.323 ms - -[0m
[0mGET /js/app.js [36m304[0m 0.511 ms - -[0m
[0mGET /js/help.js [36m304[0m 0.550 ms - -[0m
[0mGET /api/audit-logs?limit=20&page=1 [32m200[0m 13.844 ms - 8026[0m
[0mGET /api/patient-transport [36m304[0m 8.278 ms - -[0m
[0mGET /api/pharmacies [36m304[0m 10.849 ms - -[0m
[0mGET /api/patients [36m304[0m 17.640 ms - -[0m
[0mGET /api/pharmacy-transport [36m304[0m 12.242 ms - -[0m
[0mGET /api/workflow-actions [36m304[0m 8.747 ms - -[0m
[0mGET /api/rx-records [36m304[0m 14.309 ms - -[0m
[0mGET /api/rx-records/4 [36m304[0m 11.938 ms - -[0m
[0mGET /dashboard [36m304[0m 7.635 ms - -[0m
[0mGET /css/style.css [36m304[0m 0.309 ms - -[0m
[0mGET /js/app.js [36m304[0m 0.621 ms - -[0m
[0mGET /js/help.js [36m304[0m 0.559 ms - -[0m
[0mGET /api/audit-logs?limit=20&page=1 [32m200[0m 15.762 ms - 8026[0m
[0mGET /api/dashboard/stats [36m304[0m 26.251 ms - -[0m
[0mGET /api/dashboard/rx-pipeline [36m304[0m 5.049 ms - -[0m
[0mGET /api/dashboard/charts [36m304[0m 29.872 ms - -[0m
[0mGET /rx-records [36m304[0m 3.429 ms - -[0m
[0mGET /css/style.css [36m304[0m 0.706 ms - -[0m
[0mGET /js/app.js [36m304[0m 1.502 ms - -[0m
[0mGET /js/help.js [36m304[0m 0.969 ms - -[0m
[0mGET /api/pharmacies [36m304[0m 134.957 ms - -[0m
[0mGET /api/patient-transport [36m304[0m 133.571 ms - -[0m
[0mGET /api/pharmacy-transport [36m304[0m 135.193 ms - -[0m
[0mGET /api/workflow-actions [36m304[0m 137.625 ms - -[0m
[0mGET /api/audit-logs?limit=20&page=1 [32m200[0m 149.251 ms - 8026[0m
[0mGET /api/patients [36m304[0m 167.418 ms - -[0m
[0mGET /api/rx-records [36m304[0m 23.473 ms - -[0m
[0mGET /api/rx-records/4 [36m304[0m 3.120 ms - -[0m
[0mGET /api/audit-logs?limit=20&page=1 [32m200[0m 61.183 ms - 8026[0m
[0mGET /api/audit-logs?limit=20&page=1 [32m200[0m 59.014 ms - 8026[0m
[0mGET /api/audit-logs?limit=20&page=1 [32m200[0m 3.014 ms - 8026[0m
[0mGET /api/audit-logs?limit=20&page=1 [32m200[0m 4.029 ms - 8026[0m
[0mGET /patients [36m304[0m 6.229 ms - -[0m
[0mGET /css/style.css [36m304[0m 0.753 ms - -[0m
[0mGET /js/app.js [36m304[0m 0.645 ms - -[0m
[0mGET /js/help.js [36m304[0m 0.407 ms - -[0m
[0mGET /api/patient-transport [36m304[0m 134.332 ms - -[0m
[0mGET /api/pharmacy-transport [36m304[0m 135.764 ms - -[0m
[0mGET /api/clinics [36m304[0m 138.041 ms - -[0m
[0mGET /api/audit-logs?limit=20&page=1 [32m200[0m 147.370 ms - 8026[0m
[0mGET /api/patients [36m304[0m 10.401 ms - -[0m
[0mGET /rx-records?patient=8&name=a%20b [36m304[0m 3.415 ms - -[0m
[0mGET /css/style.css [36m304[0m 0.384 ms - -[0m
[0mGET /js/app.js [36m304[0m 0.654 ms - -[0m
[0mGET /js/help.js [36m304[0m 0.946 ms - -[0m
[0mGET /api/patients [36m304[0m 8.086 ms - -[0m
[0mGET /api/patient-transport [36m304[0m 4.925 ms - -[0m
[0mGET /api/pharmacies [36m304[0m 9.025 ms - -[0m
[0mGET /api/pharmacy-transport [36m304[0m 6.316 ms - -[0m
[0mGET /api/audit-logs?limit=20&page=1 [32m200[0m 12.641 ms - 8026[0m
[0mGET /api/workflow-actions [36m304[0m 7.138 ms - -[0m
[0mGET /api/rx-records [36m304[0m 16.032 ms - -[0m
[0mGET /api/rx-records/3 [36m304[0m 3.693 ms - -[0m
[0mGET /patients [36m304[0m 5.728 ms - -[0m
[0mGET /css/style.css [36m304[0m 0.480 ms - -[0m
[0mGET /js/app.js [36m304[0m 0.504 ms - -[0m
[0mGET /js/help.js [36m304[0m 0.332 ms - -[0m
[0mGET /api/audit-logs?limit=20&page=1 [32m200[0m 5.073 ms - 8026[0m
[0mGET /api/patient-transport [36m304[0m 5.671 ms - -[0m
[0mGET /api/pharmacy-transport [36m304[0m 6.623 ms - -[0m
[0mGET /api/clinics [36m304[0m 3.917 ms - -[0m
[0mGET /api/patients [36m304[0m 4.470 ms - -[0m
[0mPOST /api/errors [32m200[0m 8.956 ms - 11[0m
[0mGET /rx-records?patient=8&name=a%20b [36m304[0m 3.970 ms - -[0m
[0mGET /css/style.css [36m304[0m 0.364 ms - -[0m
[0mGET /js/app.js [36m304[0m 1.820 ms - -[0m
[0mGET /js/help.js [36m304[0m 1.296 ms - -[0m
[0mGET /api/patients [36m304[0m 5.741 ms - -[0m
[0mGET /api/audit-logs?limit=20&page=1 [32m200[0m 17.419 ms - 8026[0m
[0mGET /api/pharmacies [36m304[0m 14.624 ms - -[0m
[0mGET /api/pharmacy-transport [36m304[0m 16.462 ms - -[0m
[0mGET /api/workflow-actions [36m304[0m 17.032 ms - -[0m
[0mGET /api/patient-transport [36m304[0m 18.145 ms - -[0m
[0mGET /api/rx-records [36m304[0m 24.609 ms - -[0m
[0mGET /api/rx-records/3 [36m304[0m 13.853 ms - -[0m
[0mGET /patients [36m304[0m 3.751 ms - -[0m
[0mGET /css/style.css [36m304[0m 0.405 ms - -[0m
[0mGET /js/app.js [36m304[0m 0.681 ms - -[0m
[0mGET /js/help.js [36m304[0m 1.980 ms - -[0m
[0mGET /api/patient-transport [36m304[0m 15.447 ms - -[0m
[0mGET /api/pharmacy-transport [36m304[0m 17.773 ms - -[0m
[0mGET /api/audit-logs?limit=20&page=1 [32m200[0m 25.532 ms - 8026[0m
[0mGET /api/clinics [36m304[0m 26.440 ms - -[0m
[0mGET /api/patients [36m304[0m 5.057 ms - -[0m
[0mPOST /api/errors [32m200[0m 9.098 ms - 11[0m
[0mGET /rx-records?patient=8&name=a%20b [36m304[0m 4.408 ms - -[0m
[0mGET /css/style.css [36m304[0m 0.695 ms - -[0m
[0mGET /js/app.js [36m304[0m 0.779 ms - -[0m
[0mGET /js/help.js [36m304[0m 0.251 ms - -[0m
[0mGET /api/pharmacy-transport [36m304[0m 6.584 ms - -[0m
[0mGET /api/pharmacies [36m304[0m 13.381 ms - -[0m
[0mGET /api/patient-transport [36m304[0m 13.761 ms - -[0m
[0mGET /api/audit-logs?limit=20&page=1 [32m200[0m 20.435 ms - 8026[0m
[0mGET /api/patients [36m304[0m 25.867 ms - -[0m
[0mGET /api/workflow-actions [36m304[0m 20.614 ms - -[0m
[0mGET /api/rx-records [36m304[0m 15.794 ms - -[0m
[0mGET /api/audit-logs?limit=20&page=1 [32m200[0m 6.147 ms - 8026[0m
[0mGET /api/audit-logs?limit=20&page=1 [32m200[0m 4.331 ms - 8026[0m
[0mGET /api/audit-logs?limit=20&page=1 [32m200[0m 3.419 ms - 8026[0m
[0mGET /api/audit-logs?limit=20&page=1 [32m200[0m 3.389 ms - 8026[0m
[0mGET /api/rx-records/3 [36m304[0m 3.022 ms - -[0m
[0mGET /patients [36m304[0m 4.634 ms - -[0m
[0mGET /css/style.css [36m304[0m 0.648 ms - -[0m
[0mGET /js/app.js [36m304[0m 2.042 ms - -[0m
[0mGET /js/help.js [36m304[0m 2.158 ms - -[0m
[0mGET /api/patient-transport [36m304[0m 153.407 ms - -[0m
[0mGET /api/pharmacy-transport [36m304[0m 154.102 ms - -[0m
[0mGET /api/audit-logs?limit=20&page=1 [32m200[0m 171.772 ms - 8026[0m
[0mGET /api/clinics [36m304[0m 164.087 ms - -[0m
[0mGET /api/patients [36m304[0m 15.340 ms - -[0m
[0mPOST /api/errors [32m200[0m 7.418 ms - 11[0m
[0mGET /rx-records?patient=8&name=a%20b [36m304[0m 5.054 ms - -[0m
[0mGET /css/style.css [36m304[0m 0.327 ms - -[0m
[0mGET /js/app.js [36m304[0m 0.441 ms - -[0m
[0mGET /js/help.js [36m304[0m 0.496 ms - -[0m
[0mGET /api/audit-logs?limit=20&page=1 [32m200[0m 12.576 ms - 8026[0m
[0mGET /api/patients [36m304[0m 19.045 ms - -[0m
[0mGET /api/pharmacies [36m304[0m 17.615 ms - -[0m
[0mGET /api/patient-transport [36m304[0m 1.947 ms - -[0m
[0mGET /api/pharmacy-transport [36m304[0m 3.779 ms - -[0m
[0mGET /api/workflow-actions [36m304[0m 6.279 ms - -[0m
[0mGET /api/rx-records [36m304[0m 9.075 ms - -[0m
[0mGET /patients [36m304[0m 5.378 ms - -[0m
[0mGET /css/style.css [36m304[0m 0.379 ms - -[0m
[0mGET /js/app.js [36m304[0m 0.484 ms - -[0m
[0mGET /js/help.js [36m304[0m 0.475 ms - -[0m
[0mGET /api/patient-transport [36m304[0m 104.877 ms - -[0m
[0mGET /api/pharmacy-transport [36m304[0m 106.539 ms - -[0m
[0mGET /api/clinics [36m304[0m 106.993 ms - -[0m
[0mGET /api/audit-logs?limit=20&page=1 [32m200[0m 118.797 ms - 8026[0m
[0mGET /api/patients [36m304[0m 10.242 ms - -[0m
[0mGET /api/audit-logs?limit=20&page=1 [32m200[0m 7.750 ms - 8026[0m
[0mGET /api/audit-logs?limit=20&page=1 [32m200[0m 3.398 ms - 8026[0m
[0mGET /api/audit-logs?limit=20&page=1 [32m200[0m 3.459 ms - 8026[0m
[0mGET /api/audit-logs?limit=20&page=1 [32m200[0m 3.327 ms - 8026[0m
[0mGET /api/audit-logs?limit=20&page=1 [32m200[0m 59.261 ms - 8026[0m
[0mGET /api/audit-logs?limit=20&page=1 [32m200[0m 51.600 ms - 8026[0m
[0mGET /api/audit-logs?limit=20&page=1 [32m200[0m 50.333 ms - 8026[0m
[0mGET /api/audit-logs?limit=20&page=1 [32m200[0m 7.314 ms - 8026[0m
[0mGET /api/audit-logs?limit=20&page=1 [32m200[0m 3.761 ms - 8026[0m
[0mGET /rx-records?patient=8&name=a%20b [36m304[0m 4.493 ms - -[0m
[0mGET /css/style.css [36m304[0m 1.804 ms - -[0m
[0mGET /js/app.js [36m304[0m 1.557 ms - -[0m
[0mGET /js/help.js [36m304[0m 1.484 ms - -[0m
[0mGET /api/patients [36m304[0m 165.536 ms - -[0m
[0mGET /api/pharmacies [36m304[0m 166.497 ms - -[0m
[0mGET /api/workflow-actions [36m304[0m 167.398 ms - -[0m
[0mGET /api/patient-transport [36m304[0m 168.467 ms - -[0m
[0mGET /api/pharmacy-transport [36m304[0m 161.353 ms - -[0m
[0mGET /api/audit-logs?limit=20&page=1 [32m200[0m 179.369 ms - 8026[0m
[0mGET /api/rx-records [36m304[0m 20.021 ms - -[0m
[0mGET /api/rx-records/3 [36m304[0m 4.074 ms - -[0m
[0mGET /api/rx-records/3/history [32m200[0m 5.801 ms - 8300[0m
[0mGET /api/rx-records/3/history [36m304[0m 3.683 ms - -[0m
[0mGET /api/audit-logs?limit=20&page=1 [32m200[0m 66.646 ms - 8026[0m
[0mGET /api/audit-logs?limit=20&page=1 [32m200[0m 66.505 ms - 8026[0m
[0mGET /api/audit-logs?limit=20&page=1 [32m200[0m 9.433 ms - 8026[0m
[0mGET /api/audit-logs?limit=20&page=1 [32m200[0m 4.525 ms - 8026[0m
[0mGET /api/rx-records/3 [36m304[0m 67.242 ms - -[0m
[0mGET /api/audit-logs?limit=20&page=1 [32m200[0m 156.320 ms - 8026[0m
[0mGET /system-settings [36m304[0m 8.541 ms - -[0m
[0mGET /css/style.css [36m304[0m 1.687 ms - -[0m
[0mGET /js/app.js [36m304[0m 1.141 ms - -[0m
[0mGET /js/help.js [36m304[0m 1.608 ms - -[0m
[0mGET /api/settings [36m304[0m 1.422 ms - -[0m
[0mGET /api/audit-logs?limit=20&page=1 [32m200[0m 9.619 ms - 8026[0m
[0mGET /reports [36m304[0m 3.894 ms - -[0m
[0mGET /css/style.css [36m304[0m 2.713 ms - -[0m
[0mGET /js/app.js [36m304[0m 0.621 ms - -[0m
[0mGET /js/help.js [36m304[0m 2.116 ms - -[0m
[0mGET /api/reports/patients [32m200[0m 15.635 ms - 3462[0m
[0mGET /api/audit-logs?limit=20&page=1 [32m200[0m 19.759 ms - 8026[0m
[0mGET /api/reports/rx-actions [32m200[0m 27.139 ms - 2715[0m
[0mGET /api/workflow-actions [36m304[0m 25.795 ms - -[0m
[0mPOST /api/errors [32m200[0m 81.045 ms - 11[0m
[0mGET /api/audit-logs?limit=20&page=1 [32m200[0m 58.112 ms - 8026[0m
[0mGET /api/audit-logs?limit=20&page=1 [32m200[0m 57.895 ms - 8026[0m
[0mGET /api/audit-logs?limit=20&page=1 [32m200[0m 4.841 ms - 8026[0m
[0mGET /api/audit-logs?limit=20&page=1 [32m200[0m 3.974 ms - 8026[0m
[0mGET /patients [36m304[0m 3.940 ms - -[0m
[0mGET /css/style.css [36m304[0m 0.417 ms - -[0m
[0mGET /js/app.js [36m304[0m 0.950 ms - -[0m
[0mGET /js/help.js [36m304[0m 1.048 ms - -[0m
[0mGET /api/patient-transport [36m304[0m 7.013 ms - -[0m
[0mGET /api/pharmacy-transport [36m304[0m 6.194 ms - -[0m
[0mGET /api/clinics [36m304[0m 9.678 ms - -[0m
[0mGET /api/audit-logs?limit=20&page=1 [32m200[0m 14.370 ms - 8026[0m
[0mGET /api/patients [36m304[0m 14.716 ms - -[0m
[0mPOST /api/errors [32m200[0m 3.884 ms - 11[0m
[0mGET /reports [36m304[0m 6.637 ms - -[0m
[0mGET /css/style.css [36m304[0m 0.534 ms - -[0m
[0mGET /js/app.js [36m304[0m 1.930 ms - -[0m
[0mGET /js/help.js [36m304[0m 1.177 ms - -[0m
[0mGET /api/reports/patients [36m304[0m 140.664 ms - -[0m
[0mGET /api/workflow-actions [36m304[0m 137.505 ms - -[0m
[0mGET /api/audit-logs?limit=20&page=1 [32m200[0m 150.781 ms - 8026[0m
[0mGET /api/reports/rx-actions [36m304[0m 148.914 ms - -[0m
[0mPOST /api/errors [32m200[0m 7.997 ms - 11[0m
[0mGET /api/audit-logs?limit=20&page=1 [32m200[0m 73.436 ms - 8026[0m
[0mGET /api/audit-logs?limit=20&page=1 [32m200[0m 73.129 ms - 8026[0m
[0mGET /api/audit-logs?limit=20&page=1 [32m200[0m 8.282 ms - 8026[0m
[0mGET /api/audit-logs?limit=20&page=1 [32m200[0m 4.320 ms - 8026[0m
[0mGET /audit-log [36m304[0m 2.722 ms - -[0m
[0mGET /css/style.css [36m304[0m 1.481 ms - -[0m
[0mGET /js/app.js [36m304[0m 1.026 ms - -[0m
[0mGET /js/help.js [36m304[0m 0.833 ms - -[0m
[0mGET /api/audit-logs/users [36m304[0m 8.405 ms - -[0m
[0mGET /api/audit-logs?limit=20&page=1 [32m200[0m 17.531 ms - 8026[0m
[0mGET /api/audit-logs/modules [36m304[0m 15.540 ms - -[0m
[0mGET /api/errors?limit=100 [32m200[0m 21.397 ms - 34858[0m
[0mGET /api/audit-logs?limit=10&offset=0 [32m200[0m 12.076 ms - 3521[0m
[0mGET /import [36m304[0m 3.915 ms - -[0m
[0mGET /css/style.css [36m304[0m 0.910 ms - -[0m
[0mGET /js/app.js [36m304[0m 0.308 ms - -[0m
[0mGET /js/help.js [36m304[0m 0.745 ms - -[0m
[0mGET /api/audit-logs?limit=20&page=1 [32m200[0m 65.855 ms - 8026[0m
[0mGET /api/audit-logs?limit=20&page=1 [32m200[0m 64.237 ms - 8026[0m
[0mGET /api/audit-logs?limit=20&page=1 [32m200[0m 66.066 ms - 8026[0m
[0mGET /api/audit-logs?limit=20&page=1 [32m200[0m 6.322 ms - 8026[0m
[0mGET /api/audit-logs?limit=20&page=1 [32m200[0m 8.266 ms - 8026[0m
[0mGET /api/import/template/patients [36m304[0m 0.848 ms - -[0m
[0mGET /api/audit-logs?limit=20&page=1 [32m200[0m 49.008 ms - 8026[0m
[0mGET /api/audit-logs?limit=20&page=1 [32m200[0m 62.990 ms - 8026[0m
[0mGET /api/audit-logs?limit=20&page=1 [32m200[0m 60.608 ms - 8026[0m
[0mGET /api/audit-logs?limit=20&page=1 [32m200[0m 3.616 ms - 8026[0m
[0mGET /api/audit-logs?limit=20&page=1 [32m200[0m 5.207 ms - 8026[0m
[0mPOST /api/auth/logout [32m200[0m 5.405 ms - 25[0m
[0mGET /login?reason=timeout [32m200[0m 0.991 ms - 9004[0m
[0mGET /css/style.css [36m304[0m 0.387 ms - -[0m
[0mGET /api/audit-logs?limit=20&page=1 [32m200[0m 51.783 ms - 7872[0m
[0mGET /users [36m304[0m 2.319 ms - -[0m
[0mGET /css/style.css [36m304[0m 1.489 ms - -[0m
[0mGET /js/app.js [36m304[0m 1.478 ms - -[0m
[0mGET /js/help.js [36m304[0m 0.796 ms - -[0m
[0mGET /api/users [36m304[0m 127.371 ms - -[0m
[0mGET /api/audit-logs?limit=20&page=1 [32m200[0m 131.611 ms - 7872[0m
[0mGET /api/audit-logs?limit=20&page=1 [32m200[0m 57.828 ms - 7872[0m
[0mGET /api/audit-logs?limit=20&page=1 [32m200[0m 3.617 ms - 7872[0m
[0mGET /api/audit-logs?limit=20&page=1 [32m200[0m 3.179 ms - 7872[0m
[0mGET /api/audit-logs?limit=20&page=1 [32m200[0m 47.810 ms - 7872[0m
[0mGET /users [36m304[0m 2.181 ms - -[0m
[0mGET /css/style.css [36m304[0m 0.937 ms - -[0m
[0mGET /js/app.js [36m304[0m 0.629 ms - -[0m
[0mGET /js/help.js [36m304[0m 0.659 ms - -[0m
[0mGET /api/users [36m304[0m 6.136 ms - -[0m
[0mGET /api/audit-logs?limit=20&page=1 [32m200[0m 8.519 ms - 7872[0m
[0mGET /users [36m304[0m 1.340 ms - -[0m
[0mGET /css/style.css [36m304[0m 0.554 ms - -[0m
[0mGET /js/app.js [36m304[0m 0.740 ms - -[0m
[0mGET /js/help.js [36m304[0m 0.261 ms - -[0m
[0mGET /api/users [36m304[0m 10.221 ms - -[0m
[0mGET /api/audit-logs?limit=20&page=1 [32m200[0m 13.337 ms - 7872[0m
[0mGET /dashboard [36m304[0m 3.257 ms - -[0m
[0mGET /css/style.css [36m304[0m 1.385 ms - -[0m
[0mGET /js/app.js [36m304[0m 0.425 ms - -[0m
[0mGET /js/help.js [36m304[0m 0.452 ms - -[0m
[0mGET /api/audit-logs?limit=20&page=1 [32m200[0m 5.886 ms - 7872[0m
[0mGET /api/dashboard/stats [32m200[0m 31.599 ms - 4408[0m
[0mGET /api/dashboard/rx-pipeline [36m304[0m 5.477 ms - -[0m
[0mGET /api/dashboard/charts [36m304[0m 26.256 ms - -[0m
[0mGET /dashboard [36m304[0m 6.492 ms - -[0m
[0mGET /css/style.css [36m304[0m 0.971 ms - -[0m
[0mGET /js/help.js [36m304[0m 0.669 ms - -[0m
[0mGET /js/app.js [36m304[0m 1.287 ms - -[0m
[0mGET /api/audit-logs?limit=20&page=1 [32m200[0m 7.420 ms - 7872[0m
[0mGET /api/dashboard/stats [36m304[0m 11.925 ms - -[0m
[0mGET /api/dashboard/rx-pipeline [36m304[0m 9.194 ms - -[0m
[0mGET /api/dashboard/charts [36m304[0m 20.282 ms - -[0m
[0mGET /dashboard [36m304[0m 3.099 ms - -[0m
[0mGET /css/style.css [36m304[0m 0.329 ms - -[0m
[0mGET /js/app.js [36m304[0m 0.445 ms - -[0m
[0mGET /js/help.js [36m304[0m 0.536 ms - -[0m
[0mGET /api/audit-logs?limit=20&page=1 [32m200[0m 6.277 ms - 7872[0m
[0mGET /api/dashboard/stats [36m304[0m 16.866 ms - -[0m
[0mGET /api/dashboard/rx-pipeline [36m304[0m 7.303 ms - -[0m
[0mGET /api/dashboard/charts [36m304[0m 18.879 ms - -[0m
[0mGET /dashboard/backup [33m404[0m 1.777 ms - 155[0m
[0mPOST /api/auth/logout [32m200[0m 51.376 ms - 25[0m
[0mGET /login [36m304[0m 1.081 ms - -[0m
[0mGET /css/style.css [36m304[0m 0.564 ms - -[0m
[0mPOST /api/auth/login [32m200[0m 67.859 ms - 1406[0m
[0mGET /dashboard [36m304[0m 2.285 ms - -[0m
[0mGET /css/style.css [36m304[0m 0.460 ms - -[0m
[0mGET /js/app.js [36m304[0m 0.804 ms - -[0m
[0mGET /js/help.js [36m304[0m 2.923 ms - -[0m
[0mGET /api/audit-logs?limit=20&page=1 [32m200[0m 18.445 ms - 7583[0m
[0mGET /api/dashboard/stats [32m200[0m 28.833 ms - 4362[0m
[0mGET /api/dashboard/rx-pipeline [36m304[0m 3.577 ms - -[0m
[0mGET /api/dashboard/charts [36m304[0m 18.214 ms - -[0m
[0mGET /system-settings [36m304[0m 6.363 ms - -[0m
[0mGET /css/style.css [36m304[0m 2.260 ms - -[0m
[0mGET /js/app.js [36m304[0m 1.959 ms - -[0m
[0mGET /js/help.js [36m304[0m 0.741 ms - -[0m
[0mGET /api/settings [36m304[0m 0.976 ms - -[0m
[0mGET /api/audit-logs?limit=20&page=1 [32m200[0m 16.846 ms - 7583[0m
[0mGET /backups [36m304[0m 6.342 ms - -[0m
[0mGET /css/style.css [36m304[0m 0.405 ms - -[0m
[0mGET /js/app.js [36m304[0m 0.655 ms - -[0m
[0mGET /js/help.js [36m304[0m 0.535 ms - -[0m
[0mGET /api/backups/status [36m304[0m 1.864 ms - -[0m
[0mGET /api/backups/site/status [36m304[0m 1.688 ms - -[0m
[0mGET /api/audit-logs?limit=20&page=1 [32m200[0m 92.774 ms - 7583[0m
[0mGET /api/audit-logs?limit=20&page=1 [32m200[0m 66.872 ms - 7583[0m
[0mGET /api/audit-logs?limit=20&page=1 [32m200[0m 3.654 ms - 7583[0m
[0mGET /api/audit-logs?limit=20&page=1 [32m200[0m 3.692 ms - 7583[0m
[0mGET /api/audit-logs?limit=20&page=1 [32m200[0m 172.554 ms - 7583[0m
[0mGET /api/audit-logs?limit=20&page=1 [32m200[0m 50.925 ms - 7583[0m
[0mGET /api/audit-logs?limit=20&page=1 [32m200[0m 3.212 ms - 7583[0m
[0mGET /api/audit-logs?limit=20&page=1 [32m200[0m 2.962 ms - 7583[0m
[0mGET /api/audit-logs?limit=20&page=1 [32m200[0m 46.183 ms - 7583[0m
[0mGET /api/audit-logs?limit=20&page=1 [32m200[0m 53.286 ms - 7583[0m
[0mGET /api/audit-logs?limit=20&page=1 [32m200[0m 3.492 ms - 7583[0m
[0mGET /api/audit-logs?limit=20&page=1 [32m200[0m 3.682 ms - 7583[0m
[0mGET /api/audit-logs?limit=20&page=1 [32m200[0m 53.162 ms - 7583[0m
[0mGET /import [36m304[0m 2.801 ms - -[0m
[0mGET /css/style.css [36m304[0m 0.516 ms - -[0m
[0mGET /js/app.js [36m304[0m 2.081 ms - -[0m
[0mGET /js/help.js [36m304[0m 1.351 ms - -[0m
[0mGET /api/audit-logs?limit=20&page=1 [32m200[0m 164.224 ms - 7583[0m
[0mGET /api/audit-logs?limit=20&page=1 [32m200[0m 7.015 ms - 7583[0m
[0mGET /api/audit-logs?limit=20&page=1 [32m200[0m 4.316 ms - 7583[0m
[0mGET /api/audit-logs?limit=20&page=1 [32m200[0m 3.310 ms - 7583[0m
[0mGET /api/import/template/patients [36m304[0m 0.881 ms - -[0m
[0mGET /api/import/template/patients [36m304[0m 0.869 ms - -[0m
[0mGET /api/import/template/pharmacies [36m304[0m 0.543 ms - -[0m
[0mGET /api/import/template/patient-transport [32m200[0m 0.618 ms - 118[0m
[0mGET /api/import/template/pharmacy-transport [32m200[0m 0.593 ms - 122[0m
[0mGET /api/audit-logs?limit=20&page=1 [32m200[0m 47.912 ms - 7583[0m
[0mGET /api/import/template/clinics [32m200[0m 0.649 ms - 121[0m
[0mGET /api/import/template/users [32m200[0m 0.656 ms - 130[0m
[0mGET /api/audit-logs?limit=20&page=1 [32m200[0m 6.674 ms - 7583[0m
[0mGET /api/audit-logs?limit=20&page=1 [32m200[0m 4.710 ms - 7583[0m
[0mGET /api/audit-logs?limit=20&page=1 [32m200[0m 5.343 ms - 7583[0m
[0mGET /api/audit-logs?limit=20&page=1 [32m200[0m 47.580 ms - 7583[0m
[0mGET /api/audit-logs?limit=20&page=1 [32m200[0m 3.262 ms - 7583[0m
[0mGET /api/audit-logs?limit=20&page=1 [32m200[0m 3.061 ms - 7583[0m
[0mGET /api/audit-logs?limit=20&page=1 [32m200[0m 3.080 ms - 7583[0m
[0mGET /api/audit-logs?limit=20&page=1 [32m200[0m 154.168 ms - 7583[0m
[0mGET /api/audit-logs?limit=20&page=1 [32m200[0m 4.093 ms - 7583[0m
[0mGET /api/audit-logs?limit=20&page=1 [32m200[0m 3.865 ms - 7583[0m
[0mGET /api/audit-logs?limit=20&page=1 [32m200[0m 3.320 ms - 7583[0m
[0mGET /api/audit-logs?limit=20&page=1 [32m200[0m 57.132 ms - 7583[0m
[0mPOST /api/auth/logout [32m200[0m 4.619 ms - 25[0m
[0mGET /login?reason=timeout [36m304[0m 1.901 ms - -[0m
[0mGET /css/style.css [36m304[0m 0.601 ms - -[0m
[0mGET /login?reason=timeout [36m304[0m 1.559 ms - -[0m
[0mGET /css/style.css [36m304[0m 1.381 ms - -[0m
[0mGET /login?reason=timeout [36m304[0m 1.042 ms - -[0m
[0mGET /css/style.css [36m304[0m 0.321 ms - -[0m
[0mGET /dashboard [36m304[0m 2.397 ms - -[0m
[0mGET /css/style.css [36m304[0m 0.589 ms - -[0m
[0mGET /js/app.js [36m304[0m 0.315 ms - -[0m
[0mGET /js/help.js [36m304[0m 0.762 ms - -[0m
[0mGET /api/dashboard/stats [33m403[0m 5.643 ms - 38[0m
[0mGET /login [36m304[0m 7.656 ms - -[0m
[0mGET /api/dashboard/rx-pipeline [33m403[0m 0.781 ms - 38[0m
[0mGET /api/dashboard/charts [33m403[0m 0.797 ms - 38[0m
[0mGET /css/style.css [36m304[0m 2.345 ms - -[0m
[0mPOST /api/auth/login [32m200[0m 122.476 ms - 1406[0m
[0mGET /dashboard [36m304[0m 2.542 ms - -[0m
[0mGET /css/style.css [36m304[0m 0.318 ms - -[0m
[0mGET /js/app.js [36m304[0m 0.358 ms - -[0m
[0mGET /js/help.js [36m304[0m 0.786 ms - -[0m
[0mGET /api/audit-logs?limit=20&page=1 [32m200[0m 9.060 ms - 7313[0m
[0mGET /api/dashboard/stats [32m200[0m 18.901 ms - 4331[0m
[0mGET /api/dashboard/rx-pipeline [32m200[0m 4.085 ms - 392[0m
[0mGET /api/dashboard/charts [32m200[0m 14.757 ms - 167[0m
[0mGET /patients [36m304[0m 3.844 ms - -[0m
[0mGET /css/style.css [36m304[0m 1.714 ms - -[0m
[0mGET /js/app.js [36m304[0m 1.574 ms - -[0m
[0mGET /js/help.js [36m304[0m 0.812 ms - -[0m
[0mGET /api/patient-transport [36m304[0m 5.871 ms - -[0m
[0mGET /api/pharmacy-transport [36m304[0m 7.418 ms - -[0m
[0mGET /api/clinics [36m304[0m 8.016 ms - -[0m
[0mGET /api/audit-logs?limit=20&page=1 [32m200[0m 14.184 ms - 7313[0m
[0mGET /api/patients [36m304[0m 8.552 ms - -[0m
[0mPOST /api/errors [32m200[0m 5.566 ms - 11[0m
[0mGET /api/patients/8/notes [32m200[0m 67.660 ms - 2[0m
[0mPOST /api/patients/8/notes [32m201[0m 74.505 ms - 227[0m
[0mGET /api/patients/8/notes [32m200[0m 3.076 ms - 229[0m
[0mGET /api/audit-logs?limit=20&page=1 [32m200[0m 51.060 ms - 7313[0m
[0mGET /rx-records [36m304[0m 6.861 ms - -[0m
[0mGET /css/style.css [36m304[0m 1.399 ms - -[0m
[0mGET /js/app.js [36m304[0m 1.526 ms - -[0m
[0mGET /js/help.js [36m304[0m 0.509 ms - -[0m
[0mGET /api/audit-logs?limit=20&page=1 [32m200[0m 7.505 ms - 7313[0m
[0mGET /api/patients [36m304[0m 14.843 ms - -[0m
[0mGET /api/pharmacies [36m304[0m 14.466 ms - -[0m
[0mGET /api/patient-transport [36m304[0m 14.108 ms - -[0m
[0mGET /api/pharmacy-transport [36m304[0m 14.692 ms - -[0m
[0mGET /api/workflow-actions [36m304[0m 16.462 ms - -[0m
[0mGET /api/rx-records [36m304[0m 20.020 ms - -[0m
[0mGET /api/rx-records/1 [36m304[0m 11.381 ms - -[0m
[0mGET /patients [36m304[0m 5.989 ms - -[0m
[0mGET /css/style.css [36m304[0m 0.757 ms - -[0m
[0mGET /js/app.js [36m304[0m 0.670 ms - -[0m
[0mGET /js/help.js [36m304[0m 1.783 ms - -[0m
[0mGET /api/patient-transport [36m304[0m 170.995 ms - -[0m
[0mGET /api/pharmacy-transport [36m304[0m 158.391 ms - -[0m
[0mGET /api/clinics [36m304[0m 159.764 ms - -[0m
[0mGET /api/audit-logs?limit=20&page=1 [32m200[0m 191.518 ms - 7313[0m
[0mGET /api/patients [36m304[0m 13.957 ms - -[0m
[0mGET /api/patients/8/notes [36m304[0m 3.967 ms - -[0m
[0mGET /api/patients/8/notes [36m304[0m 1.860 ms - -[0m
[0mGET /rx-records [36m304[0m 4.177 ms - -[0m
[0mGET /css/style.css [36m304[0m 1.330 ms - -[0m
[0mGET /js/app.js [36m304[0m 1.486 ms - -[0m
[0mGET /js/help.js [36m304[0m 0.580 ms - -[0m
[0mGET /api/patients [36m304[0m 102.189 ms - -[0m
[0mGET /api/pharmacies [36m304[0m 102.323 ms - -[0m
[0mGET /api/pharmacy-transport [36m304[0m 99.685 ms - -[0m
[0mGET /api/workflow-actions [36m304[0m 101.422 ms - -[0m
[0mGET /api/patient-transport [36m304[0m 100.392 ms - -[0m
[0mGET /api/audit-logs?limit=20&page=1 [32m200[0m 116.946 ms - 7313[0m
[0mGET /api/rx-records [36m304[0m 18.293 ms - -[0m
[0mGET /reports [36m304[0m 3.367 ms - -[0m
[0mGET /js/app.js [36m304[0m 0.323 ms - -[0m
[0mGET /css/style.css [36m304[0m 1.623 ms - -[0m
[0mGET /js/help.js [36m304[0m 0.289 ms - -[0m
[0mGET /api/workflow-actions [36m304[0m 152.053 ms - -[0m
[0mGET /api/reports/patients [36m304[0m 158.064 ms - -[0m
[0mGET /api/audit-logs?limit=20&page=1 [32m200[0m 162.543 ms - 7313[0m
[0mGET /api/reports/rx-actions [36m304[0m 161.841 ms - -[0m
[0mPOST /api/errors [32m200[0m 11.535 ms - 11[0m
[0mGET /api/audit-logs?limit=20&page=1 [32m200[0m 54.775 ms - 7313[0m
[0mGET /patients [36m304[0m 6.345 ms - -[0m
[0mGET /css/style.css [36m304[0m 0.387 ms - -[0m
[0mGET /js/app.js [36m304[0m 0.395 ms - -[0m
[0mGET /js/help.js [36m304[0m 0.654 ms - -[0m
[0mGET /api/patient-transport [36m304[0m 91.794 ms - -[0m
[0mGET /api/pharmacy-transport [36m304[0m 93.268 ms - -[0m
[0mGET /api/clinics [36m304[0m 92.188 ms - -[0m
[0mGET /api/audit-logs?limit=20&page=1 [32m200[0m 100.521 ms - 7313[0m
[0mGET /api/patients [36m304[0m 9.371 ms - -[0m
[0mGET /api/patients/8 [32m200[0m 5.024 ms - 975[0m
[0mGET /api/rx-records?includeDeleted=false [32m200[0m 12.225 ms - 3741[0m
[0mGET /patients/5/timeline [36m304[0m 2.076 ms - -[0m
[0mGET /css/style.css [36m304[0m 0.502 ms - -[0m
[0mGET /js/app.js [36m304[0m 0.304 ms - -[0m
[0mGET /js/help.js [36m304[0m 0.353 ms - -[0m
[0mGET /api/audit-logs?limit=20&page=1 [32m200[0m 94.641 ms - 7313[0m
[0mPOST /api/patient-locks/5/acquire [32m200[0m 98.178 ms - 23[0m
[0mGET /api/patients/5/timeline [32m200[0m 108.942 ms - 3112[0m
[0mPOST /api/patient-locks/5/release [33m401[0m 0.284 ms - 42[0m
[0mGET /patients [36m304[0m 5.010 ms - -[0m
[0mPOST /api/patient-locks/5/release [33m401[0m 0.301 ms - 42[0m
[0mGET /css/style.css [36m304[0m 0.390 ms - -[0m
[0mGET /js/app.js [36m304[0m 0.392 ms - -[0m
[0mGET /js/help.js [36m304[0m 1.170 ms - -[0m
[0mGET /api/pharmacy-transport [36m304[0m 5.846 ms - -[0m
[0mGET /api/patient-transport [36m304[0m 12.647 ms - -[0m
[0mGET /api/audit-logs?limit=20&page=1 [32m200[0m 19.602 ms - 7313[0m
[0mGET /api/clinics [36m304[0m 16.145 ms - -[0m
[0mGET /api/patients [36m304[0m 11.434 ms - -[0m
[0mGET /api/patients/5 [36m304[0m 6.088 ms - -[0m
[0mGET /api/rx-records?includeDeleted=false [36m304[0m 10.471 ms - -[0m
[0mGET /rx-records?patient=4&name=a%20b [36m304[0m 4.187 ms - -[0m
[0mGET /css/style.css [36m304[0m 2.269 ms - -[0m
[0mGET /js/app.js [36m304[0m 1.505 ms - -[0m
[0mGET /js/help.js [36m304[0m 0.439 ms - -[0m
[0mGET /api/patients [36m304[0m 89.236 ms - -[0m
[0mGET /api/pharmacies [36m304[0m 90.236 ms - -[0m
[0mGET /api/patient-transport [36m304[0m 80.396 ms - -[0m
[0mGET /api/pharmacy-transport [36m304[0m 81.268 ms - -[0m
[0mGET /api/workflow-actions [36m304[0m 83.269 ms - -[0m
[0mGET /api/audit-logs?limit=20&page=1 [32m200[0m 108.911 ms - 7313[0m
[0mGET /api/rx-records [36m304[0m 17.436 ms - -[0m
[0mGET /api/rx-records/3 [36m304[0m 3.417 ms - -[0m
[0mPOST /api/rx-records/workflow [32m200[0m 13.492 ms - 178[0m
[0mGET /api/rx-records/3 [32m200[0m 4.589 ms - 984[0m
[0mGET /api/rx-records [32m200[0m 6.819 ms - 3920[0m
[0mPOST /api/rx-records/workflow [32m200[0m 10.235 ms - 178[0m
[0mGET /api/rx-records/3 [32m200[0m 4.957 ms - 1163[0m
[0mGET /api/rx-records [32m200[0m 6.243 ms - 4101[0m
[0mPOST /api/rx-records/workflow [32m200[0m 8.128 ms - 178[0m
[0mGET /api/rx-records/3 [32m200[0m 4.364 ms - 1342[0m
[0mGET /api/rx-records [32m200[0m 5.999 ms - 4282[0m
[0mPOST /api/rx-records/workflow [32m200[0m 14.150 ms - 178[0m
[0mGET /api/rx-records/3 [32m200[0m 4.928 ms - 1521[0m
[0mGET /api/rx-records [32m200[0m 8.470 ms - 4463[0m
[0mGET /patients [36m304[0m 4.431 ms - -[0m
[0mGET /css/style.css [36m304[0m 0.959 ms - -[0m
[0mGET /js/app.js [36m304[0m 1.419 ms - -[0m
[0mGET /js/help.js [36m304[0m 1.919 ms - -[0m
[0mGET /api/audit-logs?limit=20&page=1 [32m200[0m 8.142 ms - 6932[0m
[0mGET /api/patient-transport [36m304[0m 7.769 ms - -[0m
[0mGET /api/pharmacy-transport [36m304[0m 7.740 ms - -[0m
[0mGET /api/clinics [36m304[0m 9.069 ms - -[0m
[0mGET /api/patients [36m304[0m 14.184 ms - -[0m
[0mGET /api/patients/5 [36m304[0m 4.503 ms - -[0m
[0mGET /api/rx-records?includeDeleted=false [32m200[0m 11.038 ms - 4463[0m
[0mGET /api/audit-logs?limit=20&page=1 [32m200[0m 48.046 ms - 6932[0m
[0mGET /dashboard [36m304[0m 4.134 ms - -[0m
[0mGET /css/style.css [36m304[0m 1.378 ms - -[0m
[0mGET /js/app.js [36m304[0m 0.716 ms - -[0m
[0mGET /js/help.js [36m304[0m 0.487 ms - -[0m
[0mGET /api/audit-logs?limit=20&page=1 [32m200[0m 6.793 ms - 6932[0m
[0mGET /api/dashboard/stats [32m200[0m 25.083 ms - 4448[0m
[0mGET /api/dashboard/rx-pipeline [32m200[0m 8.768 ms - 392[0m
[0mGET /api/dashboard/charts [36m304[0m 21.014 ms - -[0m
[0mGET /api/dashboard/stats?from=2026-06-20&to=2026-06-20 [32m200[0m 72.496 ms - 4448[0m
[0mGET /api/dashboard/rx-pipeline [36m304[0m 3.225 ms - -[0m
[0mGET /api/dashboard/stats [36m304[0m 5.010 ms - -[0m
[0mGET /api/dashboard/rx-pipeline [36m304[0m 3.826 ms - -[0m
[0mGET /api/dashboard/stats?from=2026-06-20&to=2026-06-20 [36m304[0m 6.863 ms - -[0m
[0mGET /api/dashboard/rx-pipeline [36m304[0m 3.819 ms - -[0m
[0mGET /api/dashboard/stats [36m304[0m 6.556 ms - -[0m
[0mGET /api/dashboard/rx-pipeline [36m304[0m 3.907 ms - -[0m
[0mGET /api/dashboard/stats?from=2026-06-20&to=2026-06-20 [36m304[0m 8.338 ms - -[0m
[0mGET /api/dashboard/rx-pipeline [36m304[0m 2.698 ms - -[0m
[0mGET /api/dashboard/stats [36m304[0m 6.064 ms - -[0m
[0mGET /api/dashboard/rx-pipeline [36m304[0m 3.372 ms - -[0m
[0mGET /patients [36m304[0m 4.703 ms - -[0m
[0mGET /js/app.js [36m304[0m 0.527 ms - -[0m
[0mGET /js/help.js [36m304[0m 0.710 ms - -[0m
[0mGET /css/style.css [36m304[0m 2.564 ms - -[0m
[0mGET /api/patient-transport [36m304[0m 7.785 ms - -[0m
[0mGET /api/audit-logs?limit=20&page=1 [32m200[0m 10.862 ms - 6932[0m
[0mGET /api/pharmacy-transport [36m304[0m 8.725 ms - -[0m
[0mGET /api/clinics [36m304[0m 11.584 ms - -[0m
[0mGET /api/patients [36m304[0m 15.168 ms - -[0m
[0mGET /rx-records [36m304[0m 2.819 ms - -[0m
[0mGET /css/style.css [36m304[0m 0.345 ms - -[0m
[0mGET /js/app.js [36m304[0m 0.295 ms - -[0m
[0mGET /js/help.js [36m304[0m 1.050 ms - -[0m
[0mGET /api/audit-logs?limit=20&page=1 [32m200[0m 13.783 ms - 6932[0m
[0mGET /api/pharmacies [36m304[0m 7.350 ms - -[0m
[0mGET /api/pharmacy-transport [36m304[0m 6.667 ms - -[0m
[0mGET /api/patient-transport [36m304[0m 4.784 ms - -[0m
[0mGET /api/workflow-actions [36m304[0m 5.051 ms - -[0m
[0mGET /api/patients [36m304[0m 20.636 ms - -[0m
[0mGET /api/rx-records [36m304[0m 14.375 ms - -[0m
[0mGET /users [36m304[0m 8.362 ms - -[0m
[0mGET /css/style.css [36m304[0m 0.769 ms - -[0m
[0mGET /js/app.js [36m304[0m 0.828 ms - -[0m
[0mGET /js/help.js [36m304[0m 0.237 ms - -[0m
[0mGET /api/users [36m304[0m 108.479 ms - -[0m
[0mGET /api/audit-logs?limit=20&page=1 [32m200[0m 113.125 ms - 6932[0m
[0mGET /api/audit-logs?limit=20&page=1 [32m200[0m 50.973 ms - 6932[0m
[0mGET /api/audit-logs?limit=20&page=1 [32m200[0m 161.784 ms - 6932[0m
[0mGET /patients [36m304[0m 4.507 ms - -[0m
[0mGET /css/style.css [36m304[0m 0.434 ms - -[0m
[0mGET /js/app.js [36m304[0m 0.312 ms - -[0m
[0mGET /js/help.js [36m304[0m 0.442 ms - -[0m
[0mGET /api/patient-transport [36m304[0m 128.139 ms - -[0m
[0mGET /api/pharmacy-transport [36m304[0m 129.068 ms - -[0m
[0mGET /api/clinics [36m304[0m 134.961 ms - -[0m
[0mGET /api/audit-logs?limit=20&page=1 [32m200[0m 138.836 ms - 6932[0m
[0mGET /api/patients [36m304[0m 12.705 ms - -[0m
[0mGET /api/audit-logs?limit=20&page=1 [32m200[0m 49.663 ms - 6932[0m
[0mPOST /api/patients [32m201[0m 67.866 ms - 352[0m
[0mGET /api/patients [32m200[0m 10.428 ms - 5443[0m
[0mGET /rx-records?patient=9&name=TEST%20Date%20TEST%20Date [32m200[0m 5.192 ms - 65115[0m
[0mGET /css/style.css [36m304[0m 0.530 ms - -[0m
[0mGET /js/app.js [36m304[0m 0.572 ms - -[0m
[0mGET /js/help.js [36m304[0m 0.871 ms - -[0m
[0mGET /api/patients [36m304[0m 12.402 ms - -[0m
[0mGET /api/pharmacies [36m304[0m 15.532 ms - -[0m
[0mGET /api/audit-logs?limit=20&page=1 [32m200[0m 21.946 ms - 7185[0m
[0mGET /api/patient-transport [36m304[0m 16.384 ms - -[0m
[0mGET /api/pharmacy-transport [36m304[0m 12.385 ms - -[0m
[0mGET /api/workflow-actions [36m304[0m 12.691 ms - -[0m
[0mGET /api/rx-records [36m304[0m 13.482 ms - -[0m
[0mPOST /api/rx-records [32m201[0m 66.233 ms - 265[0m
[0mGET /api/rx-records [32m200[0m 15.143 ms - 5926[0m
[0mGET /api/rx-records/5 [32m200[0m 3.427 ms - 1014[0m
[0mPOST /api/rx-records/workflow [32m200[0m 8.987 ms - 178[0m
[0mGET /api/rx-records/5 [32m200[0m 3.108 ms - 1192[0m
[0mGET /api/rx-records [32m200[0m 6.373 ms - 6105[0m
[0mPOST /api/rx-records/workflow [32m200[0m 7.815 ms - 178[0m
[0mGET /api/rx-records/5 [32m200[0m 3.112 ms - 1371[0m
[0mGET /api/rx-records [32m200[0m 7.312 ms - 6286[0m
[0mPOST /api/rx-records/workflow [32m200[0m 6.003 ms - 178[0m
[0mGET /api/rx-records/5 [32m200[0m 4.179 ms - 1550[0m
[0mGET /api/rx-records [32m200[0m 6.056 ms - 6467[0m
[0mPOST /api/rx-records/workflow [32m200[0m 7.045 ms - 178[0m
[0mGET /api/rx-records/5 [32m200[0m 4.701 ms - 1729[0m
[0mGET /api/rx-records [32m200[0m 7.158 ms - 6648[0m
[0mPOST /api/rx-records/workflow [32m200[0m 8.572 ms - 178[0m
[0mGET /api/rx-records/5 [32m200[0m 4.474 ms - 1908[0m
[0mGET /api/rx-records [32m200[0m 6.452 ms - 6829[0m
[0mPOST /api/rx-records/workflow [32m200[0m 7.464 ms - 178[0m
[0mGET /api/rx-records/5 [32m200[0m 5.728 ms - 2087[0m
[0mGET /api/rx-records [32m200[0m 6.814 ms - 7010[0m
[0mGET /api/audit-logs?limit=20&page=1 [32m200[0m 4.773 ms - 7459[0m
[0mGET /patients [36m304[0m 4.722 ms - -[0m
[0mGET /css/style.css [36m304[0m 2.978 ms - -[0m
[0mGET /js/app.js [36m304[0m 2.186 ms - -[0m
[0mGET /js/help.js [36m304[0m 1.312 ms - -[0m
[0mGET /api/patient-transport [36m304[0m 5.710 ms - -[0m
[0mGET /api/audit-logs?limit=20&page=1 [32m200[0m 10.852 ms - 7459[0m
[0mGET /api/pharmacy-transport [36m304[0m 8.781 ms - -[0m
[0mGET /api/clinics [36m304[0m 10.208 ms - -[0m
[0mGET /api/patients [36m304[0m 7.546 ms - -[0m
[0mGET /rx-records?patient=9&name=TEST%20Date%20TEST%20Date [36m304[0m 3.496 ms - -[0m
[0mGET /css/style.css [36m304[0m 0.621 ms - -[0m
[0mGET /js/app.js [36m304[0m 0.739 ms - -[0m
[0mGET /js/help.js [36m304[0m 5.298 ms - -[0m
[0mGET /api/pharmacies [36m304[0m 117.434 ms - -[0m
[0mGET /api/patient-transport [36m304[0m 119.283 ms - -[0m
[0mGET /api/patients [36m304[0m 127.169 ms - -[0m
[0mGET /api/pharmacy-transport [36m304[0m 122.537 ms - -[0m
[0mGET /api/workflow-actions [36m304[0m 123.227 ms - -[0m
[0mGET /api/audit-logs?limit=20&page=1 [32m200[0m 135.552 ms - 7459[0m
[0mGET /api/rx-records [36m304[0m 21.113 ms - -[0m
[0mPOST /api/rx-records [32m201[0m 64.042 ms - 265[0m
[0mGET /api/rx-records [32m200[0m 16.991 ms - 8473[0m
[0mGET /api/audit-logs?limit=20&page=1 [32m200[0m 65.223 ms - 7702[0m
[0mPOST /api/rx-records [32m201[0m 69.674 ms - 265[0m
[0mGET /api/rx-records [32m200[0m 20.859 ms - 9936[0m
[0mDELETE /api/rx-records/7 [32m200[0m 71.853 ms - 41[0m
[0mGET /api/rx-records [32m200[0m 15.382 ms - 8473[0m
[0mGET /api/audit-logs?limit=20&page=1 [32m200[0m 10.895 ms - 7935[0m
[0mDELETE /api/rx-records/6 [32m200[0m 11.995 ms - 41[0m
[0mGET /api/rx-records [32m200[0m 8.762 ms - 7010[0m
[0mGET /api/rx-records?includeDeleted=true [32m200[0m 14.398 ms - 2969[0m
[0mGET /api/rx-records [36m304[0m 6.097 ms - -[0m
[0mGET /dashboard [36m304[0m 4.744 ms - -[0m
[0mGET /css/style.css [36m304[0m 2.013 ms - -[0m
[0mGET /js/app.js [36m304[0m 1.327 ms - -[0m
[0mGET /js/help.js [36m304[0m 1.322 ms - -[0m
[0mGET /api/audit-logs?limit=20&page=1 [32m200[0m 19.456 ms - 7952[0m
[0mGET /api/dashboard/stats [32m200[0m 27.898 ms - 4915[0m
[0mGET /api/dashboard/rx-pipeline [32m200[0m 15.663 ms - 392[0m
[0mGET /api/dashboard/charts [32m200[0m 22.998 ms - 167[0m
[0mGET /api/audit-logs?limit=20&page=1 [32m200[0m 47.509 ms - 7952[0m
[0mGET /patients [36m304[0m 5.547 ms - -[0m
[0mGET /css/style.css [36m304[0m 1.076 ms - -[0m
[0mGET /js/app.js [36m304[0m 0.449 ms - -[0m
[0mGET /js/help.js [36m304[0m 0.810 ms - -[0m
[0mGET /api/patient-transport [36m304[0m 84.353 ms - -[0m
[0mGET /api/clinics [36m304[0m 95.492 ms - -[0m
[0mGET /api/pharmacy-transport [36m304[0m 98.978 ms - -[0m
[0mGET /api/audit-logs?limit=20&page=1 [32m200[0m 107.288 ms - 7952[0m
[0mGET /api/patients [36m304[0m 17.626 ms - -[0m
[0mGET /rx-records [36m304[0m 3.243 ms - -[0m
[0mGET /css/style.css [36m304[0m 0.333 ms - -[0m
[0mGET /js/app.js [36m304[0m 3.739 ms - -[0m
[0mGET /js/help.js [36m304[0m 1.038 ms - -[0m
[0mGET /api/patients [36m304[0m 94.369 ms - -[0m
[0mGET /api/pharmacies [36m304[0m 91.397 ms - -[0m
[0mGET /api/patient-transport [36m304[0m 89.115 ms - -[0m
[0mGET /api/pharmacy-transport [36m304[0m 83.617 ms - -[0m
[0mGET /api/workflow-actions [36m304[0m 83.346 ms - -[0m
[0mGET /api/audit-logs?limit=20&page=1 [32m200[0m 104.695 ms - 7952[0m
[0mGET /api/rx-records [36m304[0m 26.826 ms - -[0m
[0mGET /api/rx-records/5 [36m304[0m 4.289 ms - -[0m
[0mGET /import [36m304[0m 3.011 ms - -[0m
[0mGET /css/style.css [36m304[0m 0.428 ms - -[0m
[0mGET /js/app.js [36m304[0m 0.700 ms - -[0m
[0mGET /js/help.js [36m304[0m 0.620 ms - -[0m
[0mGET /api/audit-logs?limit=20&page=1 [32m200[0m 65.916 ms - 7952[0m
[0mGET /dashboard [36m304[0m 5.598 ms - -[0m
[0mGET /css/style.css [36m304[0m 2.122 ms - -[0m
[0mGET /js/help.js [36m304[0m 0.505 ms - -[0m
[0mGET /js/app.js [36m304[0m 6.996 ms - -[0m
[0mGET /api/audit-logs?limit=20&page=1 [32m200[0m 106.371 ms - 7952[0m
[0mGET /api/dashboard/stats [36m304[0m 114.525 ms - -[0m
[0mGET /api/dashboard/rx-pipeline [36m304[0m 10.688 ms - -[0m
[0mGET /api/dashboard/charts [36m304[0m 17.411 ms - -[0m
[0mGET /api/audit-logs?limit=20&page=1 [32m200[0m 49.580 ms - 7952[0m
[0mGET /api/audit-logs?limit=20&page=1 [32m200[0m 53.670 ms - 7952[0m
[0mGET /api/audit-logs?limit=20&page=1 [32m200[0m 49.313 ms - 7952[0m
[0mGET /api/audit-logs?limit=20&page=1 [32m200[0m 46.292 ms - 7952[0m
[0mGET /api/audit-logs?limit=20&page=1 [32m200[0m 49.259 ms - 7952[0m
[0mGET /patients [36m304[0m 5.106 ms - -[0m
[0mGET /css/style.css [36m304[0m 0.448 ms - -[0m
[0mGET /js/app.js [36m304[0m 0.272 ms - -[0m
[0mGET /js/help.js [36m304[0m 0.275 ms - -[0m
[0mGET /api/audit-logs?limit=20&page=1 [32m200[0m 8.217 ms - 7952[0m
[0mGET /api/patient-transport [36m304[0m 8.842 ms - -[0m
[0mGET /api/pharmacy-transport [36m304[0m 9.978 ms - -[0m
[0mGET /api/clinics [36m304[0m 9.656 ms - -[0m
[0mGET /api/patients [36m304[0m 11.482 ms - -[0m
[0mGET /rx-records [32m200[0m 4.077 ms - 65527[0m
[0mGET /css/style.css [36m304[0m 0.476 ms - -[0m
[0mGET /js/app.js [36m304[0m 0.838 ms - -[0m
[0mGET /js/help.js [36m304[0m 0.811 ms - -[0m
[0mGET /api/pharmacies [36m304[0m 8.290 ms - -[0m
[0mGET /api/pharmacy-transport [36m304[0m 5.017 ms - -[0m
[0mGET /api/audit-logs?limit=20&page=1 [32m200[0m 16.814 ms - 7952[0m
[0mGET /api/patient-transport [36m304[0m 9.429 ms - -[0m
[0mGET /api/workflow-actions [36m304[0m 8.660 ms - -[0m
[0mGET /api/patients [36m304[0m 14.984 ms - -[0m
[0mGET /api/rx-records [36m304[0m 16.152 ms - -[0m
[0mGET /rx-records [32m200[0m 4.161 ms - 66604[0m
[0mGET /css/style.css [36m304[0m 0.360 ms - -[0m
[0mGET /js/app.js [36m304[0m 0.505 ms - -[0m
[0mGET /js/help.js [36m304[0m 0.354 ms - -[0m
[0mGET /api/patients [36m304[0m 74.251 ms - -[0m
[0mGET /api/pharmacies [36m304[0m 76.261 ms - -[0m
[0mGET /api/patient-transport [36m304[0m 76.828 ms - -[0m
[0mGET /api/pharmacy-transport [36m304[0m 77.353 ms - -[0m
[0mGET /api/workflow-actions [36m304[0m 72.566 ms - -[0m
[0mGET /api/audit-logs?limit=20&page=1 [32m200[0m 84.608 ms - 7952[0m
[0mGET /api/rx-records [36m304[0m 16.509 ms - -[0m
[0mGET /rx-records [36m304[0m 4.858 ms - -[0m
[0mGET /css/style.css [36m304[0m 0.900 ms - -[0m
[0mGET /js/app.js [36m304[0m 0.457 ms - -[0m
[0mGET /js/help.js [36m304[0m 0.447 ms - -[0m
[0mGET /api/patients [36m304[0m 11.028 ms - -[0m
[0mGET /api/pharmacies [36m304[0m 11.737 ms - -[0m
[0mGET /api/audit-logs?limit=20&page=1 [32m200[0m 16.980 ms - 7952[0m
[0mGET /api/patient-transport [36m304[0m 13.099 ms - -[0m
[0mGET /api/pharmacy-transport [36m304[0m 13.816 ms - -[0m
[0mGET /api/workflow-actions [36m304[0m 14.500 ms - -[0m
[0mGET /api/rx-records [36m304[0m 7.613 ms - -[0m
[0mGET /api/audit-logs?limit=20&page=1 [32m200[0m 53.472 ms - 7952[0m
[0mGET /login [32m200[0m 0.969 ms - 9004[0m
[0mGET /rx-records [32m200[0m 5.107 ms - 66770[0m
[0mGET /css/style.css [36m304[0m 0.455 ms - -[0m
[0mGET /js/help.js [36m304[0m 5.233 ms - -[0m
[0mGET /js/app.js [32m200[0m 8.029 ms - 77363[0m
[0mGET /api/patient-transport [36m304[0m 92.483 ms - -[0m
[0mGET /api/pharmacies [36m304[0m 94.404 ms - -[0m
[0mGET /api/patients [36m304[0m 98.659 ms - -[0m
[0mGET /api/pharmacy-transport [36m304[0m 93.277 ms - -[0m
[0mGET /api/workflow-actions [36m304[0m 93.358 ms - -[0m
[0mGET /api/audit-logs?limit=20&page=1 [32m200[0m 104.444 ms - 7952[0m
[0mGET /api/rx-records [36m304[0m 14.192 ms - -[0m
[0mGET /patients [32m200[0m 6.750 ms - 75696[0m
[0mGET /css/style.css [36m304[0m 1.201 ms - -[0m
[0mGET /js/app.js [36m304[0m 0.363 ms - -[0m
[0mGET /js/help.js [36m304[0m 0.373 ms - -[0m
[0mGET /api/pharmacy-transport [36m304[0m 5.233 ms - -[0m
[0mGET /api/patient-transport [36m304[0m 6.268 ms - -[0m
[0mGET /api/clinics [36m304[0m 8.648 ms - -[0m
[0mGET /api/audit-logs?limit=20&page=1 [32m200[0m 13.788 ms - 7952[0m
[0mGET /api/patients [36m304[0m 6.283 ms - -[0m
[0mPOST /api/errors [32m200[0m 6.166 ms - 11[0m
[0mGET /rx-records?patient=9&name=TEST%20Date%20TEST%20Date [32m200[0m 4.582 ms - 66770[0m
[0mGET /css/style.css [36m304[0m 0.509 ms - -[0m
[0mGET /js/app.js [36m304[0m 0.536 ms - -[0m
[0mGET /js/help.js [36m304[0m 0.836 ms - -[0m
[0mGET /api/audit-logs?limit=20&page=1 [32m200[0m 10.536 ms - 7952[0m
[0mGET /api/patients [36m304[0m 9.412 ms - -[0m
[0mGET /api/workflow-actions [36m304[0m 10.452 ms - -[0m
[0mGET /api/pharmacies [36m304[0m 11.074 ms - -[0m
[0mGET /api/patient-transport [36m304[0m 12.089 ms - -[0m
[0mGET /api/pharmacy-transport [36m304[0m 14.149 ms - -[0m
[0mGET /api/rx-records [36m304[0m 13.203 ms - -[0m
[0mGET /dashboard [36m304[0m 5.189 ms - -[0m
[0mGET /css/style.css [36m304[0m 0.381 ms - -[0m
[0mGET /js/app.js [36m304[0m 0.452 ms - -[0m
[0mGET /js/help.js [36m304[0m 0.267 ms - -[0m
[0mGET /api/audit-logs?limit=20&page=1 [32m200[0m 91.911 ms - 7952[0m
[0mGET /api/dashboard/stats [36m304[0m 103.754 ms - -[0m
[0mGET /api/dashboard/rx-pipeline [36m304[0m 8.237 ms - -[0m
[0mGET /api/dashboard/charts [36m304[0m 15.501 ms - -[0m
[0mGET /dashboard [36m304[0m 3.458 ms - -[0m
[0mGET /css/style.css [36m304[0m 0.743 ms - -[0m
[0mGET /js/app.js [36m304[0m 1.340 ms - -[0m
[0mGET /js/help.js [36m304[0m 0.743 ms - -[0m
[0mGET /api/audit-logs?limit=20&page=1 [32m200[0m 11.356 ms - 7952[0m
[0mGET /api/dashboard/stats [36m304[0m 28.201 ms - -[0m
[0mGET /api/dashboard/rx-pipeline [36m304[0m 3.472 ms - -[0m
[0mGET /api/dashboard/charts [36m304[0m 9.298 ms - -[0m
[0mGET /dashboard [36m304[0m 2.592 ms - -[0m
[0mGET /css/style.css [36m304[0m 0.473 ms - -[0m
[0mGET /js/app.js [36m304[0m 0.342 ms - -[0m
[0mGET /js/help.js [36m304[0m 0.369 ms - -[0m
[0mGET /api/audit-logs?limit=20&page=1 [32m200[0m 4.146 ms - 7952[0m
[0mGET /api/dashboard/stats [36m304[0m 10.228 ms - -[0m
[0mGET /api/dashboard/rx-pipeline [36m304[0m 6.195 ms - -[0m
[0mGET /api/dashboard/charts [36m304[0m 14.308 ms - -[0m
[0mGET /dashboard [36m304[0m 3.252 ms - -[0m
[0mGET /css/style.css [36m304[0m 0.671 ms - -[0m
[0mGET /js/app.js [36m304[0m 0.802 ms - -[0m
[0mGET /js/help.js [36m304[0m 0.615 ms - -[0m
[0mGET /api/audit-logs?limit=20&page=1 [32m200[0m 4.643 ms - 7952[0m
[0mGET /api/dashboard/stats [36m304[0m 11.421 ms - -[0m
[0mGET /api/dashboard/rx-pipeline [36m304[0m 6.241 ms - -[0m
[0mGET /api/dashboard/charts [36m304[0m 18.123 ms - -[0m
[0mGET /dashboard [36m304[0m 2.999 ms - -[0m
[0mGET /css/style.css [36m304[0m 0.472 ms - -[0m
[0mGET /js/app.js [36m304[0m 0.266 ms - -[0m
[0mGET /js/help.js [36m304[0m 0.305 ms - -[0m
[0mGET /api/audit-logs?limit=20&page=1 [32m200[0m 104.314 ms - 7952[0m
[0mGET /api/dashboard/stats [36m304[0m 116.295 ms - -[0m
[0mGET /api/dashboard/rx-pipeline [36m304[0m 10.194 ms - -[0m
[0mGET /api/dashboard/charts [36m304[0m 15.166 ms - -[0m
[0mGET /dashboard [36m304[0m 3.290 ms - -[0m
[0mGET /css/style.css [36m304[0m 0.542 ms - -[0m
[0mGET /js/app.js [36m304[0m 0.601 ms - -[0m
[0mGET /js/help.js [36m304[0m 0.694 ms - -[0m
[0mGET /api/audit-logs?limit=20&page=1 [32m200[0m 6.292 ms - 7952[0m
[0mGET /api/dashboard/stats [36m304[0m 16.127 ms - -[0m
[0mGET /api/dashboard/rx-pipeline [36m304[0m 7.318 ms - -[0m
[0mGET /api/dashboard/charts [36m304[0m 14.525 ms - -[0m
[0mGET /dashboard [36m304[0m 3.411 ms - -[0m
[0mGET /css/style.css [36m304[0m 0.338 ms - -[0m
[0mGET /js/app.js [36m304[0m 1.099 ms - -[0m
[0mGET /js/help.js [36m304[0m 1.121 ms - -[0m
[0mGET /api/audit-logs?limit=20&page=1 [32m200[0m 4.953 ms - 7952[0m
[0mGET /api/dashboard/stats [36m304[0m 16.004 ms - -[0m
[0mGET /api/dashboard/rx-pipeline [36m304[0m 4.211 ms - -[0m
[0mGET /api/dashboard/charts [36m304[0m 12.695 ms - -[0m
[0mGET /dashboard [36m304[0m 3.183 ms - -[0m
[0mGET /css/style.css [36m304[0m 0.447 ms - -[0m
[0mGET /js/app.js [36m304[0m 0.432 ms - -[0m
[0mGET /js/help.js [36m304[0m 0.652 ms - -[0m
[0mGET /api/audit-logs?limit=20&page=1 [32m200[0m 6.396 ms - 7952[0m
[0mGET /api/dashboard/stats [36m304[0m 13.133 ms - -[0m
[0mGET /api/dashboard/rx-pipeline [36m304[0m 5.819 ms - -[0m
[0mGET /api/dashboard/charts [36m304[0m 14.904 ms - -[0m
[0mGET /dashboard [36m304[0m 3.185 ms - -[0m
[0mGET /css/style.css [36m304[0m 0.320 ms - -[0m
[0mGET /js/app.js [36m304[0m 0.869 ms - -[0m
[0mGET /js/help.js [36m304[0m 0.696 ms - -[0m
[0mGET /api/audit-logs?limit=20&page=1 [32m200[0m 8.655 ms - 7952[0m
[0mGET /api/dashboard/stats [36m304[0m 17.098 ms - -[0m
[0mGET /api/dashboard/rx-pipeline [36m304[0m 9.094 ms - -[0m
[0mGET /api/dashboard/charts [36m304[0m 17.626 ms - -[0m
[0mGET /dashboard [36m304[0m 2.495 ms - -[0m
[0mGET /js/app.js [36m304[0m 0.848 ms - -[0m
[0mGET /css/style.css [36m304[0m 1.667 ms - -[0m
[0mGET /js/help.js [36m304[0m 0.359 ms - -[0m
[0mGET /api/audit-logs?limit=20&page=1 [32m200[0m 4.191 ms - 7952[0m
[0mGET /api/dashboard/stats [36m304[0m 11.239 ms - -[0m
[0mGET /api/dashboard/rx-pipeline [36m304[0m 5.793 ms - -[0m
[0mGET /api/dashboard/charts [36m304[0m 15.110 ms - -[0m
[0mGET /dashboard [36m304[0m 2.563 ms - -[0m
[0mGET /css/style.css [36m304[0m 1.936 ms - -[0m
[0mGET /js/app.js [36m304[0m 1.531 ms - -[0m
[0mGET /js/help.js [36m304[0m 0.935 ms - -[0m
[0mGET /api/audit-logs?limit=20&page=1 [32m200[0m 68.982 ms - 7952[0m
[0mGET /api/dashboard/stats [32m200[0m 78.327 ms - 4915[0m
[0mGET /api/dashboard/rx-pipeline [32m200[0m 6.598 ms - 392[0m
[0mGET /api/dashboard/charts [32m200[0m 13.645 ms - 167[0m
[0mGET /dashboard [36m304[0m 3.416 ms - -[0m
[0mGET /css/style.css [36m304[0m 0.341 ms - -[0m
[0mGET /js/app.js [36m304[0m 0.566 ms - -[0m
[0mGET /js/help.js [36m304[0m 0.501 ms - -[0m
[0mGET /api/audit-logs?limit=20&page=1 [32m200[0m 8.045 ms - 7952[0m
[0mGET /api/dashboard/stats [36m304[0m 21.985 ms - -[0m
[0mGET /api/dashboard/rx-pipeline [36m304[0m 3.043 ms - -[0m
[0mGET /api/dashboard/charts [36m304[0m 10.211 ms - -[0m
[0mGET /patients [36m304[0m 3.849 ms - -[0m
[0mGET /css/style.css [36m304[0m 0.479 ms - -[0m
[0mGET /js/app.js [36m304[0m 0.553 ms - -[0m
[0mGET /js/help.js [36m304[0m 0.553 ms - -[0m
[0mGET /api/patient-transport [36m304[0m 4.446 ms - -[0m
[0mGET /api/pharmacy-transport [36m304[0m 6.119 ms - -[0m
[0mGET /api/audit-logs?limit=20&page=1 [32m200[0m 8.088 ms - 7952[0m
[0mGET /api/clinics [36m304[0m 4.505 ms - -[0m
[0mGET /api/patients [32m200[0m 4.206 ms - 2[0m
[0mGET /api/patients?includeDeleted=true [32m200[0m 2.852 ms - 2[0m
[0mGET /api/patients [36m304[0m 2.794 ms - -[0m
[0mGET /rx-records [36m304[0m 5.760 ms - -[0m
[0mGET /css/style.css [36m304[0m 2.224 ms - -[0m
[0mGET /js/app.js [36m304[0m 1.831 ms - -[0m
[0mGET /js/help.js [36m304[0m 1.534 ms - -[0m
[0mGET /api/audit-logs?limit=20&page=1 [32m200[0m 4.956 ms - 7952[0m
[0mGET /api/pharmacies [36m304[0m 5.351 ms - -[0m
[0mGET /api/patients [36m304[0m 9.796 ms - -[0m
[0mGET /api/pharmacy-transport [36m304[0m 6.033 ms - -[0m
[0mGET /api/patient-transport [36m304[0m 7.499 ms - -[0m
[0mGET /api/workflow-actions [36m304[0m 7.901 ms - -[0m
[0mGET /api/rx-records [32m200[0m 6.684 ms - 2[0m
[0mGET /dashboard [36m304[0m 2.517 ms - -[0m
[0mGET /css/style.css [36m304[0m 0.549 ms - -[0m
[0mGET /js/app.js [36m304[0m 0.519 ms - -[0m
[0mGET /js/help.js [36m304[0m 0.562 ms - -[0m
[0mGET /api/audit-logs?limit=20&page=1 [32m200[0m 7.919 ms - 7952[0m
[0mGET /api/dashboard/stats [36m304[0m 11.769 ms - -[0m
[0mGET /api/dashboard/rx-pipeline [36m304[0m 8.539 ms - -[0m
[0mGET /api/dashboard/charts [36m304[0m 20.217 ms - -[0m
[0mGET /patients [36m304[0m 4.827 ms - -[0m
[0mGET /css/style.css [36m304[0m 0.988 ms - -[0m
[0mGET /js/app.js [36m304[0m 1.042 ms - -[0m
[0mGET /js/help.js [36m304[0m 1.180 ms - -[0m
[0mGET /api/audit-logs?limit=20&page=1 [32m200[0m 4.760 ms - 7952[0m
[0mGET /api/patient-transport [36m304[0m 4.028 ms - -[0m
[0mGET /api/pharmacy-transport [36m304[0m 4.317 ms - -[0m
[0mGET /api/clinics [36m304[0m 5.409 ms - -[0m
[0mGET /api/patients [36m304[0m 2.524 ms - -[0m
[0mPOST /api/patients [32m201[0m 58.803 ms - 349[0m
[0mGET /api/patients [32m200[0m 5.135 ms - 979[0m
[0mGET /rx-records?patient=1&name=Client%201%20Lastename%201 [32m200[0m 4.795 ms - 66770[0m
[0mGET /css/style.css [36m304[0m 5.927 ms - -[0m
[0mGET /js/app.js [36m304[0m 0.352 ms - -[0m
[0mGET /js/help.js [36m304[0m 0.319 ms - -[0m
[0mGET /api/audit-logs?limit=20&page=1 [32m200[0m 9.324 ms - 8218[0m
[0mGET /api/patients [36m304[0m 10.972 ms - -[0m
[0mGET /api/patient-transport [36m304[0m 11.065 ms - -[0m
[0mGET /api/pharmacy-transport [36m304[0m 11.361 ms - -[0m
[0mGET /api/pharmacies [36m304[0m 19.495 ms - -[0m
[0mGET /api/workflow-actions [36m304[0m 6.461 ms - -[0m
[0mGET /api/rx-records [36m304[0m 7.974 ms - -[0m
[0mGET /api/audit-logs?limit=20&page=1 [32m200[0m 167.095 ms - 8218[0m
[0mGET /patients [36m304[0m 5.509 ms - -[0m
[0mGET /css/style.css [36m304[0m 0.857 ms - -[0m
[0mGET /js/help.js [36m304[0m 0.411 ms - -[0m
[0mGET /js/app.js [36m304[0m 1.162 ms - -[0m
[0mGET /api/patient-transport [36m304[0m 8.324 ms - -[0m
[0mGET /api/audit-logs?limit=20&page=1 [32m200[0m 10.803 ms - 8218[0m
[0mGET /api/pharmacy-transport [36m304[0m 10.194 ms - -[0m
[0mGET /api/clinics [36m304[0m 9.735 ms - -[0m
[0mGET /api/patients [36m304[0m 16.288 ms - -[0m
[0mGET /rx-records [36m304[0m 3.996 ms - -[0m
[0mGET /css/style.css [36m304[0m 0.512 ms - -[0m
[0mGET /js/app.js [36m304[0m 0.347 ms - -[0m
[0mGET /js/help.js [36m304[0m 0.351 ms - -[0m
[0mGET /api/patients [36m304[0m 91.115 ms - -[0m
[0mGET /api/pharmacies [36m304[0m 89.276 ms - -[0m
[0mGET /api/patient-transport [36m304[0m 90.373 ms - -[0m
[0mGET /api/pharmacy-transport [36m304[0m 91.006 ms - -[0m
[0mGET /api/workflow-actions [36m304[0m 92.584 ms - -[0m
[0mGET /api/audit-logs?limit=20&page=1 [32m200[0m 106.718 ms - 8218[0m
[0mGET /api/rx-records [36m304[0m 11.469 ms - -[0m
[0mGET /rx-records [36m304[0m 5.275 ms - -[0m
[0mGET /css/style.css [36m304[0m 0.651 ms - -[0m
[0mGET /js/app.js [36m304[0m 0.350 ms - -[0m
[0mGET /js/help.js [36m304[0m 0.291 ms - -[0m
[0mGET /api/pharmacies [36m304[0m 101.051 ms - -[0m
[0mGET /api/patient-transport [36m304[0m 100.324 ms - -[0m
[0mGET /api/pharmacy-transport [36m304[0m 102.911 ms - -[0m
[0mGET /api/patients [36m304[0m 108.872 ms - -[0m
[0mGET /api/workflow-actions [36m304[0m 105.087 ms - -[0m
[0mGET /api/audit-logs?limit=20&page=1 [32m200[0m 115.107 ms - 8218[0m
[0mGET /api/rx-records [36m304[0m 13.230 ms - -[0m
[0mGET /rx-records [36m304[0m 2.878 ms - -[0m
[0mGET /css/style.css [36m304[0m 0.308 ms - -[0m
[0mGET /js/app.js [36m304[0m 0.291 ms - -[0m
[0mGET /js/help.js [36m304[0m 0.338 ms - -[0m
[0mGET /api/patients [36m304[0m 211.029 ms - -[0m
[0mGET /api/pharmacy-transport [36m304[0m 204.040 ms - -[0m
[0mGET /api/pharmacies [36m304[0m 213.161 ms - -[0m
[0mGET /api/patient-transport [36m304[0m 205.392 ms - -[0m
[0mGET /api/workflow-actions [36m304[0m 205.793 ms - -[0m
[0mGET /api/audit-logs?limit=20&page=1 [32m200[0m 218.654 ms - 8218[0m
[0mGET /api/rx-records [36m304[0m 11.206 ms - -[0m
[0mGET /rx-records [36m304[0m 3.394 ms - -[0m
[0mGET /css/style.css [36m304[0m 0.418 ms - -[0m
[0mGET /js/help.js [36m304[0m 0.437 ms - -[0m
[0mGET /js/app.js [36m304[0m 0.518 ms - -[0m
[0mGET /api/patients [36m304[0m 93.202 ms - -[0m
[0mGET /api/pharmacies [36m304[0m 96.246 ms - -[0m
[0mGET /api/patient-transport [36m304[0m 93.856 ms - -[0m
[0mGET /api/pharmacy-transport [36m304[0m 94.034 ms - -[0m
[0mGET /api/workflow-actions [36m304[0m 95.710 ms - -[0m
[0mGET /api/audit-logs?limit=20&page=1 [32m200[0m 104.761 ms - 8218[0m
[0mGET /api/rx-records [36m304[0m 15.818 ms - -[0m
[0mGET /rx-records [36m304[0m 6.763 ms - -[0m
[0mGET /css/style.css [36m304[0m 0.379 ms - -[0m
[0mGET /js/app.js [36m304[0m 0.321 ms - -[0m
[0mGET /js/help.js [36m304[0m 0.655 ms - -[0m
[0mGET /api/patients [36m304[0m 103.172 ms - -[0m
[0mGET /api/pharmacies [36m304[0m 104.311 ms - -[0m
[0mGET /api/patient-transport [36m304[0m 102.039 ms - -[0m
[0mGET /api/pharmacy-transport [36m304[0m 102.553 ms - -[0m
[0mGET /api/workflow-actions [36m304[0m 105.108 ms - -[0m
[0mGET /api/audit-logs?limit=20&page=1 [32m200[0m 118.026 ms - 8218[0m
[0mGET /api/rx-records [36m304[0m 15.339 ms - -[0m
[0mGET /rx-records [32m200[0m 5.214 ms - 70586[0m
[0mGET /css/style.css [36m304[0m 0.517 ms - -[0m
[0mGET /js/app.js [36m304[0m 0.316 ms - -[0m
[0mGET /js/help.js [36m304[0m 0.332 ms - -[0m
[0mGET /api/patients [36m304[0m 83.379 ms - -[0m
[0mGET /api/pharmacies [36m304[0m 84.361 ms - -[0m
[0mGET /api/patient-transport [36m304[0m 83.976 ms - -[0m
[0mGET /api/pharmacy-transport [36m304[0m 84.584 ms - -[0m
[0mGET /api/workflow-actions [36m304[0m 84.284 ms - -[0m
[0mGET /api/audit-logs?limit=20&page=1 [32m200[0m 95.921 ms - 8218[0m
[0mGET /api/rx-records [36m304[0m 14.427 ms - -[0m
[0mPOST /api/errors [32m200[0m 55.855 ms - 11[0m
[0mPOST /api/errors [32m200[0m 3.514 ms - 11[0m
[0mPOST /api/errors [32m200[0m 3.105 ms - 11[0m
[0mPOST /api/errors [32m200[0m 3.606 ms - 11[0m
[0mPOST /api/errors [32m200[0m 3.462 ms - 11[0m
[0mPOST /api/errors [32m200[0m 4.918 ms - 11[0m
[0mPOST /api/errors [32m200[0m 3.069 ms - 11[0m
[0mPOST /api/errors [32m200[0m 4.244 ms - 11[0m
[0mPOST /api/errors [32m200[0m 57.947 ms - 11[0m
[0mPOST /api/errors [32m200[0m 3.498 ms - 11[0m
[0mPOST /api/errors [32m200[0m 67.666 ms - 11[0m
[0mGET /api/audit-logs?limit=20&page=1 [32m200[0m 6.577 ms - 8218[0m
[0mPOST /api/errors [32m200[0m 3.786 ms - 11[0m
[0mPOST /api/errors [32m200[0m 3.482 ms - 11[0m
[0mGET /patients [32m200[0m 6.749 ms - 76817[0m
[0mGET /css/style.css [36m304[0m 0.633 ms - -[0m
[0mGET /js/app.js [36m304[0m 0.284 ms - -[0m
[0mGET /js/help.js [36m304[0m 0.518 ms - -[0m
[0mGET /api/patient-transport [36m304[0m 7.981 ms - -[0m
[0mGET /api/audit-logs?limit=20&page=1 [32m200[0m 10.661 ms - 8218[0m
[0mGET /api/pharmacy-transport [36m304[0m 10.620 ms - -[0m
[0mGET /api/clinics [36m304[0m 10.877 ms - -[0m
[0mGET /api/pharmacies [36m304[0m 13.858 ms - -[0m
[0mGET /api/patients [36m304[0m 16.175 ms - -[0m
[0mPOST /api/errors [32m200[0m 5.489 ms - 11[0m
[0mPUT /api/patients/1 [32m200[0m 6.796 ms - 349[0m
[0mGET /api/patients [32m200[0m 3.163 ms - 979[0m
[0mPOST /api/errors [32m200[0m 3.365 ms - 11[0m
[0mPUT /api/patients/1 [32m200[0m 7.072 ms - 349[0m
[0mGET /api/patients [32m200[0m 2.687 ms - 979[0m
[0mPOST /api/errors [32m200[0m 3.630 ms - 11[0m
[0mGET /patients [32m200[0m 4.477 ms - 76817[0m
[0mGET /api/audit-logs?limit=20&page=1 [32m200[0m 159.611 ms - 8831[0m
[0mGET /patients [36m304[0m 4.780 ms - -[0m
[0mGET /css/style.css [36m304[0m 0.330 ms - -[0m
[0mGET /js/app.js [36m304[0m 0.741 ms - -[0m
[0mGET /js/help.js [36m304[0m 0.677 ms - -[0m
[0mGET /api/patient-transport [36m304[0m 75.293 ms - -[0m
[0mGET /api/pharmacy-transport [36m304[0m 74.451 ms - -[0m
[0mGET /api/clinics [36m304[0m 81.003 ms - -[0m
[0mGET /api/pharmacies [36m304[0m 82.552 ms - -[0m
[0mGET /api/audit-logs?limit=20&page=1 [32m200[0m 92.169 ms - 8831[0m
[0mGET /api/patients [36m304[0m 9.660 ms - -[0m
[0mPOST /api/patients [33m400[0m 8.183 ms - 64[0m
[0mPOST /api/errors [32m200[0m 6.010 ms - 11[0m
[0mPUT /api/patients/1 [32m200[0m 6.093 ms - 349[0m
[0mGET /api/patients [32m200[0m 3.868 ms - 979[0m
[0mPOST /api/errors [32m200[0m 3.468 ms - 11[0m
[0mGET /rx-records?patient=1&name=Client%201%20Lastename%201 [32m200[0m 5.998 ms - 75331[0m
[0mGET /css/style.css [36m304[0m 0.405 ms - -[0m
[0mGET /js/app.js [36m304[0m 0.887 ms - -[0m
[0mGET /js/help.js [36m304[0m 1.161 ms - -[0m
[0mGET /api/patients [36m304[0m 87.861 ms - -[0m
[0mGET /api/pharmacies [36m304[0m 86.338 ms - -[0m
[0mGET /api/patient-transport [36m304[0m 86.579 ms - -[0m
[0mGET /api/pharmacy-transport [36m304[0m 87.041 ms - -[0m
[0mGET /api/workflow-actions [36m304[0m 90.159 ms - -[0m
[0mGET /api/audit-logs?limit=20&page=1 [32m200[0m 100.602 ms - 9138[0m
[0mGET /api/rx-records [36m304[0m 14.306 ms - -[0m
[0mPOST /api/rx-records [32m201[0m 53.687 ms - 265[0m
[0mGET /api/rx-records [32m200[0m 11.099 ms - 1318[0m
[0mGET /patients [36m304[0m 4.596 ms - -[0m
[0mGET /css/style.css [36m304[0m 0.289 ms - -[0m
[0mGET /js/app.js [36m304[0m 0.673 ms - -[0m
[0mGET /js/help.js [36m304[0m 0.619 ms - -[0m
[0mGET /api/patient-transport [36m304[0m 7.373 ms - -[0m
[0mGET /api/pharmacy-transport [36m304[0m 7.838 ms - -[0m
[0mGET /api/clinics [36m304[0m 11.090 ms - -[0m
[0mGET /api/audit-logs?limit=20&page=1 [32m200[0m 15.277 ms - 9323[0m
[0mGET /api/pharmacies [36m304[0m 11.936 ms - -[0m
[0mGET /api/patients [36m304[0m 8.962 ms - -[0m
[0mPOST /api/errors [32m200[0m 6.543 ms - 11[0m
[0mPUT /api/patients/1 [32m200[0m 5.628 ms - 349[0m
[0mGET /api/patients [32m200[0m 3.203 ms - 979[0m
[0mGET /api/audit-logs?limit=20&page=1 [32m200[0m 49.258 ms - 9599[0m
[0mGET /api/audit-logs?limit=20&page=1 [32m200[0m 61.575 ms - 9599[0m
[0mGET /api/audit-logs?limit=20&page=1 [32m200[0m 71.885 ms - 9599[0m
[0mGET /api/audit-logs?limit=20&page=1 [32m200[0m 48.879 ms - 9599[0m
[0mGET /patients [32m200[0m 4.938 ms - 77175[0m
[0mGET /patients [32m200[0m 5.628 ms - 77175[0m
[0mGET /css/style.css [36m304[0m 1.084 ms - -[0m
[0mGET /js/app.js [36m304[0m 1.171 ms - -[0m
[0mGET /js/help.js [36m304[0m 1.128 ms - -[0m
[0mGET /api/patient-transport [36m304[0m 81.656 ms - -[0m
[0mGET /api/pharmacy-transport [36m304[0m 82.870 ms - -[0m
[0mGET /api/clinics [36m304[0m 84.121 ms - -[0m
[0mGET /api/pharmacies [36m304[0m 82.307 ms - -[0m
[0mGET /api/audit-logs?limit=20&page=1 [32m200[0m 94.383 ms - 9599[0m
[0mGET /api/patients [36m304[0m 8.573 ms - -[0m
[0mGET /patients [36m304[0m 4.685 ms - -[0m
[0mGET /css/style.css [36m304[0m 2.138 ms - -[0m
[0mGET /js/app.js [36m304[0m 2.404 ms - -[0m
[0mGET /js/help.js [36m304[0m 1.134 ms - -[0m
[0mGET /api/patient-transport [36m304[0m 67.474 ms - -[0m
[0mGET /api/pharmacy-transport [36m304[0m 66.348 ms - -[0m
[0mGET /api/clinics [36m304[0m 68.317 ms - -[0m
[0mGET /api/pharmacies [36m304[0m 72.481 ms - -[0m
[0mGET /api/audit-logs?limit=20&page=1 [32m200[0m 80.105 ms - 9599[0m
[0mGET /api/patients [36m304[0m 12.549 ms - -[0m
[0mPOST /api/errors [32m200[0m 8.554 ms - 11[0m
[0mPUT /api/patients/1 [32m200[0m 8.373 ms - 349[0m
[0mGET /api/patients [32m200[0m 6.886 ms - 979[0m
[0mPOST /api/errors [32m200[0m 2.066 ms - 11[0m
[0mGET /rx-records?patient=1&name=Client%201%20Lastename%201 [36m304[0m 6.163 ms - -[0m
[0mGET /css/style.css [36m304[0m 1.853 ms - -[0m
[0mGET /js/app.js [36m304[0m 1.278 ms - -[0m
[0mGET /js/help.js [36m304[0m 0.659 ms - -[0m
[0mGET /api/patients [36m304[0m 76.263 ms - -[0m
[0mGET /api/pharmacies [36m304[0m 86.119 ms - -[0m
[0mGET /api/patient-transport [36m304[0m 89.860 ms - -[0m
[0mGET /api/pharmacy-transport [36m304[0m 90.639 ms - -[0m
[0mGET /api/workflow-actions [36m304[0m 89.587 ms - -[0m
[0mGET /api/audit-logs?limit=20&page=1 [32m200[0m 102.600 ms - 9875[0m
[0mGET /api/rx-records [32m200[0m 14.928 ms - 1318[0m
[0mGET /rx-records?patient=1&name=Client%201%20Lastename%201 [36m304[0m 3.927 ms - -[0m
[0mGET /css/style.css [36m304[0m 0.899 ms - -[0m
[0mGET /js/app.js [36m304[0m 0.866 ms - -[0m
[0mGET /js/help.js [36m304[0m 0.417 ms - -[0m
[0mGET /api/patients [36m304[0m 103.425 ms - -[0m
[0mGET /api/pharmacies [36m304[0m 104.623 ms - -[0m
[0mGET /api/patient-transport [36m304[0m 104.240 ms - -[0m
[0mGET /api/workflow-actions [36m304[0m 106.306 ms - -[0m
[0mGET /api/pharmacy-transport [36m304[0m 106.756 ms - -[0m
[0mGET /api/audit-logs?limit=20&page=1 [32m200[0m 115.781 ms - 9875[0m
[0mGET /api/rx-records [36m304[0m 17.139 ms - -[0m
[0mGET /patients [36m304[0m 7.032 ms - -[0m
[0mGET /css/style.css [36m304[0m 0.462 ms - -[0m
[0mGET /js/app.js [36m304[0m 0.544 ms - -[0m
[0mGET /js/help.js [36m304[0m 0.348 ms - -[0m
[0mGET /api/patient-transport [36m304[0m 7.235 ms - -[0m
[0mGET /api/pharmacies [36m304[0m 4.149 ms - -[0m
[0mGET /api/pharmacy-transport [36m304[0m 6.218 ms - -[0m
[0mGET /api/clinics [36m304[0m 6.247 ms - -[0m
[0mGET /api/audit-logs?limit=20&page=1 [32m200[0m 14.084 ms - 9875[0m
[0mGET /api/patients [36m304[0m 10.158 ms - -[0m
[0mPOST /api/errors [32m200[0m 6.664 ms - 11[0m
[0mPUT /api/patients/1 [32m200[0m 6.095 ms - 349[0m
[0mGET /api/patients [32m200[0m 3.779 ms - 979[0m
[0mGET /rx-records?patient=1&name=Client%201%20Lastename%201 [36m304[0m 5.047 ms - -[0m
[0mGET /css/style.css [36m304[0m 1.341 ms - -[0m
[0mGET /js/app.js [36m304[0m 0.659 ms - -[0m
[0mGET /js/help.js [36m304[0m 0.689 ms - -[0m
[0mGET /api/audit-logs?limit=20&page=1 [32m200[0m 8.941 ms - 10151[0m
[0mGET /api/patients [36m304[0m 9.271 ms - -[0m
[0mGET /api/pharmacies [36m304[0m 12.125 ms - -[0m
[0mGET /api/pharmacy-transport [36m304[0m 8.847 ms - -[0m
[0mGET /api/patient-transport [36m304[0m 9.384 ms - -[0m
[0mGET /api/workflow-actions [36m304[0m 8.494 ms - -[0m
[0mGET /api/rx-records [32m200[0m 12.036 ms - 1318[0m
[0mDELETE /api/rx-records/1 [32m200[0m 63.558 ms - 41[0m
[0mGET /api/rx-records [32m200[0m 14.116 ms - 2[0m
[0mGET /api/audit-logs?limit=20&page=1 [32m200[0m 53.301 ms - 9888[0m
[0mPOST /api/auth/login [32m200[0m 114.514 ms - 1406[0m
[0mPUT /api/patients/1 [32m200[0m 4.713 ms - 349[0m
[0mGET /api/audit-logs?limit=20&page=1 [32m200[0m 61.767 ms - 9650[0m
[0mGET /rx-records?patient=1&name=Client%201%20Lastename%201 [36m304[0m 4.120 ms - -[0m
[0mGET /css/style.css [36m304[0m 1.834 ms - -[0m
[0mGET /js/app.js [36m304[0m 0.410 ms - -[0m
[0mGET /js/help.js [36m304[0m 0.760 ms - -[0m
[0mGET /api/patients [36m304[0m 120.831 ms - -[0m
[0mGET /api/pharmacies [36m304[0m 120.206 ms - -[0m
[0mGET /api/patient-transport [36m304[0m 120.568 ms - -[0m
[0mGET /api/pharmacy-transport [36m304[0m 119.600 ms - -[0m
[0mGET /api/workflow-actions [36m304[0m 119.837 ms - -[0m
[0mGET /api/audit-logs?limit=20&page=1 [32m200[0m 134.095 ms - 9650[0m
[0mGET /api/rx-records [36m304[0m 13.957 ms - -[0m
[0mGET /patients [36m304[0m 3.895 ms - -[0m
[0mGET /css/style.css [36m304[0m 0.744 ms - -[0m
[0mGET /js/app.js [36m304[0m 0.356 ms - -[0m
[0mGET /js/help.js [36m304[0m 0.390 ms - -[0m
[0mGET /api/patient-transport [36m304[0m 5.840 ms - -[0m
[0mGET /api/pharmacy-transport [36m304[0m 6.075 ms - -[0m
[0mGET /api/pharmacies [36m304[0m 3.024 ms - -[0m
[0mGET /api/audit-logs?limit=20&page=1 [32m200[0m 11.958 ms - 9650[0m
[0mGET /api/clinics [36m304[0m 8.645 ms - -[0m
[0mGET /api/patients [36m304[0m 11.615 ms - -[0m
[0mPOST /api/errors [32m200[0m 5.403 ms - 11[0m
[0mPUT /api/patients/1 [32m200[0m 6.099 ms - 349[0m
[0mGET /api/patients [32m200[0m 5.046 ms - 979[0m
[0mGET /rx-records?patient=1&name=Client%201%20Lastename%201 [36m304[0m 3.280 ms - -[0m
[0mGET /css/style.css [36m304[0m 0.484 ms - -[0m
[0mGET /js/app.js [36m304[0m 0.337 ms - -[0m
[0mGET /js/help.js [36m304[0m 0.369 ms - -[0m
[0mGET /api/audit-logs?limit=20&page=1 [32m200[0m 6.214 ms - 9926[0m
[0mGET /api/patients [36m304[0m 5.745 ms - -[0m
[0mGET /api/patient-transport [36m304[0m 5.767 ms - -[0m
[0mGET /api/pharmacies [36m304[0m 7.005 ms - -[0m
[0mGET /api/pharmacy-transport [36m304[0m 7.044 ms - -[0m
[0mGET /api/workflow-actions [36m304[0m 8.591 ms - -[0m
[0mGET /api/rx-records [36m304[0m 7.592 ms - -[0m
[0mPOST /api/auth/login [32m200[0m 111.767 ms - 1406[0m
[0mPUT /api/patients/1 [32m200[0m 5.854 ms - 349[0m
◇ injected env (4) from .env // tip: ⌘ multiple files { path: ['.env.local', '.env'] }
◇ injected env (0) from .env // tip: ⌘ enable debugging { debug: true }
[Backup] Scheduler started with expression: 0 2 * * *
[SiteBackup] Weekly scheduler started: 0 3 * * 0
Database verified: Users.permissions column ready.
Database verified: RXRecords warehouse columns ready.
[Settings] Loaded. Timezone: America/New_York | SMTP: (not set)
Server is running on port 3000.
[0mGET /login [36m304[0m 9.860 ms - -[0m
[0mGET /css/style.css [36m304[0m 1.119 ms - -[0m
[0mPOST /api/auth/login [33m401[0m 88.648 ms - 33[0m
[0mPOST /api/auth/login [32m200[0m 76.160 ms - 1406[0m
[0mGET /dashboard [32m200[0m 5.911 ms - 45295[0m
[0mGET /css/style.css [36m304[0m 0.407 ms - -[0m
[0mGET /js/help.js [36m304[0m 4.616 ms - -[0m
[0mGET /js/app.js [32m200[0m 8.996 ms - 78684[0m
[0mGET /api/audit-logs?limit=20&page=1 [32m200[0m 15.084 ms - 7636[0m
[0mGET /api/dashboard/stats [32m200[0m 23.302 ms - 4733[0m
[0mGET /api/dashboard/rx-pipeline [32m200[0m 14.274 ms - 392[0m
[0mGET /api/dashboard/charts [32m200[0m 28.661 ms - 167[0m
[0mGET /rx-records [32m200[0m 7.149 ms - 84227[0m
[0mGET /css/style.css [36m304[0m 0.997 ms - -[0m
[0mGET /js/app.js [36m304[0m 1.282 ms - -[0m
[0mGET /js/help.js [36m304[0m 0.419 ms - -[0m
[0mGET /api/pharmacies [36m304[0m 13.668 ms - -[0m
[0mGET /api/audit-logs?limit=20&page=1 [32m200[0m 22.534 ms - 7636[0m
[0mGET /api/patient-transport [36m304[0m 16.850 ms - -[0m
[0mGET /api/pharmacy-transport [32m200[0m 17.668 ms - 589[0m
[0mGET /api/workflow-actions [32m200[0m 13.525 ms - 1188[0m
[0mGET /api/patients [32m200[0m 28.370 ms - 1194[0m
[0mGET /api/medication-catalog?activeOnly=true [32m200[0m 9.784 ms - 1697[0m
[0mGET /api/rx-records [32m200[0m 8.867 ms - 2098[0m
[0mGET /api/rx-records/2 [32m200[0m 5.513 ms - 1643[0m
[0mPOST /api/rx-records/return-to-warehouse [32m200[0m 23.061 ms - 49[0m
[0mGET /api/rx-records/2 [32m200[0m 4.546 ms - 1131[0m
[0mGET /api/rx-records [32m200[0m 5.865 ms - 1581[0m
[0mGET /api/rx-records/2 [36m304[0m 5.865 ms - -[0m
[0mGET /api/rx-records/2 [36m304[0m 68.570 ms - -[0m
[0mGET /rx-records [36m304[0m 5.997 ms - -[0m
[0mGET /css/style.css [36m304[0m 1.546 ms - -[0m
[0mGET /js/app.js [36m304[0m 2.249 ms - -[0m
[0mGET /js/help.js [36m304[0m 0.688 ms - -[0m
[0mGET /api/audit-logs?limit=20&page=1 [32m200[0m 16.088 ms - 7573[0m
[0mGET /api/patients [36m304[0m 16.965 ms - -[0m
[0mGET /api/pharmacies [36m304[0m 17.363 ms - -[0m
[0mGET /api/patient-transport [36m304[0m 18.007 ms - -[0m
[0mGET /api/pharmacy-transport [36m304[0m 14.403 ms - -[0m
[0mGET /api/workflow-actions [36m304[0m 15.960 ms - -[0m
[0mGET /api/medication-catalog?activeOnly=true [36m304[0m 9.533 ms - -[0m
[0mGET /api/rx-records [32m200[0m 15.849 ms - 1581[0m
[0mGET /api/audit-logs?limit=20&page=1 [32m200[0m 7.142 ms - 7573[0m
[0mPOST /api/rx-records/return-to-warehouse [32m200[0m 19.070 ms - 49[0m
[0mGET /api/rx-records/2 [32m200[0m 9.332 ms - 1131[0m
[0mGET /api/rx-records [32m200[0m 8.749 ms - 1581[0m
[0mGET /api/rx-records/2 [36m304[0m 64.976 ms - -[0m
[0mGET /rx-records [36m304[0m 4.962 ms - -[0m
[0mGET /css/style.css [36m304[0m 0.544 ms - -[0m
[0mGET /js/app.js [36m304[0m 0.366 ms - -[0m
[0mGET /js/help.js [36m304[0m 0.844 ms - -[0m
[0mGET /api/patients [36m304[0m 93.871 ms - -[0m
[0mGET /api/pharmacies [36m304[0m 93.648 ms - -[0m
[0mGET /api/patient-transport [36m304[0m 90.591 ms - -[0m
[0mGET /api/workflow-actions [36m304[0m 89.676 ms - -[0m
[0mGET /api/pharmacy-transport [36m304[0m 90.506 ms - -[0m
[0mGET /api/medication-catalog?activeOnly=true [36m304[0m 6.922 ms - -[0m
[0mGET /api/audit-logs?limit=20&page=1 [32m200[0m 109.359 ms - 7504[0m
[0mGET /api/rx-records [36m304[0m 13.360 ms - -[0m
[0mGET /api/rx-records/2 [36m304[0m 3.736 ms - -[0m
[0mPOST /api/rx-records/return-to-warehouse [32m200[0m 16.988 ms - 49[0m
[0mGET /api/rx-records/2 [32m200[0m 7.794 ms - 1131[0m
[0mGET /api/rx-records [32m200[0m 8.401 ms - 1581[0m
[0mPOST /api/rx-records/return-to-warehouse [32m200[0m 114.412 ms - 49[0m
[0mGET /api/rx-records/2 [32m200[0m 6.808 ms - 1131[0m
[0mGET /api/rx-records [32m200[0m 9.292 ms - 1581[0m
[0mPOST /api/rx-records/return-to-warehouse [32m200[0m 8.924 ms - 49[0m
[0mGET /api/rx-records/2 [32m200[0m 5.805 ms - 1131[0m
[0mGET /api/rx-records [32m200[0m 5.490 ms - 1581[0m
[0mGET /api/audit-logs?limit=20&page=1 [32m200[0m 17.563 ms - 7315[0m
[0mPOST /api/rx-records/return-to-warehouse [32m200[0m 8.483 ms - 49[0m
[0mGET /api/rx-records/2 [32m200[0m 4.280 ms - 1131[0m
[0mGET /api/rx-records [32m200[0m 6.914 ms - 1581[0m
[0mGET /rx-records [32m200[0m 5.823 ms - 84252[0m
[0mGET /css/style.css [36m304[0m 0.644 ms - -[0m
[0mGET /js/app.js [36m304[0m 0.541 ms - -[0m
[0mGET /js/help.js [36m304[0m 0.554 ms - -[0m
[0mGET /api/pharmacies [36m304[0m 13.147 ms - -[0m
[0mGET /api/patient-transport [36m304[0m 15.005 ms - -[0m
[0mGET /api/pharmacy-transport [36m304[0m 16.168 ms - -[0m
[0mGET /api/patients [36m304[0m 22.320 ms - -[0m
[0mGET /api/workflow-actions [36m304[0m 21.693 ms - -[0m
[0mGET /api/audit-logs?limit=20&page=1 [32m200[0m 30.700 ms - 7312[0m
[0mGET /api/medication-catalog?activeOnly=true [36m304[0m 23.033 ms - -[0m
[0mGET /api/rx-records [36m304[0m 12.144 ms - -[0m
[0mGET /api/rx-records/2 [36m304[0m 5.225 ms - -[0m
[0mPOST /api/rx-records/return-to-warehouse [32m200[0m 17.762 ms - 49[0m
[0mGET /api/rx-records/2 [32m200[0m 3.673 ms - 1131[0m
[0mGET /api/rx-records [32m200[0m 6.011 ms - 1581[0m
[0mGET /rx-records [32m200[0m 4.766 ms - 84252[0m
[0mGET /rx-records [36m304[0m 3.717 ms - -[0m
[0mGET /css/style.css [36m304[0m 0.381 ms - -[0m
[0mGET /js/app.js [36m304[0m 0.443 ms - -[0m
[0mGET /js/help.js [36m304[0m 0.313 ms - -[0m
[0mGET /api/pharmacies [36m304[0m 9.955 ms - -[0m
[0mGET /api/patient-transport [36m304[0m 9.097 ms - -[0m
[0mGET /api/patients [36m304[0m 19.290 ms - -[0m
[0mGET /api/pharmacy-transport [36m304[0m 10.286 ms - -[0m
[0mGET /api/audit-logs?limit=20&page=1 [32m200[0m 23.065 ms - 7309[0m
[0mGET /api/workflow-actions [36m304[0m 12.573 ms - -[0m
[0mGET /api/medication-catalog?activeOnly=true [36m304[0m 8.936 ms - -[0m
[0mGET /api/rx-records [36m304[0m 8.870 ms - -[0m
[0mGET /api/rx-records/2 [36m304[0m 8.366 ms - -[0m
[0mPOST /api/rx-records/return-to-warehouse [32m200[0m 13.579 ms - 49[0m
[0mGET /api/rx-records/2 [32m200[0m 3.142 ms - 1131[0m
[0mGET /api/rx-records [32m200[0m 7.602 ms - 1581[0m
[0mGET /api/rx-records/2 [36m304[0m 3.054 ms - -[0m
[0mPOST /api/rx-records/return-to-warehouse [32m200[0m 58.980 ms - 49[0m
[0mGET /api/rx-records/2 [32m200[0m 3.315 ms - 1131[0m
[0mGET /api/rx-records [32m200[0m 4.844 ms - 1581[0m
[0mDELETE /api/rx-records/2 [32m200[0m 13.515 ms - 41[0m
[0mGET /api/rx-records [32m200[0m 4.120 ms - 2[0m
[0mPOST /api/rx-records [32m201[0m 11.691 ms - 348[0m
[0mGET /api/rx-records [32m200[0m 6.881 ms - 1558[0m
[0mGET /api/rx-records/3 [32m200[0m 3.713 ms - 1109[0m
[0mPOST /api/rx-records/workflow [32m200[0m 8.829 ms - 177[0m
[0mGET /api/rx-records/3 [32m200[0m 3.933 ms - 1286[0m
[0mGET /api/rx-records [32m200[0m 4.765 ms - 1736[0m
[0mPOST /api/rx-records/workflow [32m200[0m 6.979 ms - 177[0m
[0mGET /api/rx-records/3 [32m200[0m 3.423 ms - 1464[0m
[0mGET /api/rx-records [32m200[0m 5.272 ms - 1916[0m
[0mPOST /api/rx-records/workflow [32m200[0m 9.583 ms - 177[0m
[0mGET /api/rx-records/3 [32m200[0m 3.694 ms - 1642[0m
[0mGET /api/rx-records [32m200[0m 5.753 ms - 2096[0m
[0mPOST /api/rx-records/workflow [32m200[0m 9.626 ms - 177[0m
[0mGET /api/rx-records/3 [32m200[0m 4.637 ms - 1820[0m
[0mGET /api/rx-records [32m200[0m 5.083 ms - 2276[0m
[0mPOST /api/rx-records/return-to-warehouse [32m200[0m 70.282 ms - 49[0m
[0mGET /api/rx-records/3 [32m200[0m 3.501 ms - 1130[0m
[0mGET /api/rx-records [32m200[0m 4.765 ms - 1579[0m
[0mGET /api/audit-logs?limit=20&page=1 [32m200[0m 8.379 ms - 7611[0m
[0mGET /api/audit-logs?limit=20&page=1 [32m200[0m 59.893 ms - 7611[0m
◇ injected env (4) from .env // tip: ⌘ suppress logs { quiet: true }
◇ injected env (0) from .env // tip: ⌘ multiple files { path: ['.env.local', '.env'] }
[Backup] Scheduler started with expression: 0 2 * * *
[SiteBackup] Weekly scheduler started: 0 3 * * 0
Database verified: Users.permissions column ready.
Database verified: RXRecords warehouse columns ready.
[Settings] Loaded. Timezone: America/New_York | SMTP: (not set)
Server is running on port 3000.
[0mGET / [36m302[0m 2.980 ms - 28[0m
[0mGET /login [32m200[0m 9.529 ms - 9004[0m
[0mGET /r [33m404[0m 1.083 ms - 140[0m
[0mGET / [36m302[0m 1.297 ms - 35[0m
[0mGET /login [36m304[0m 1.632 ms - -[0m
[0mGET /css/style.css [36m304[0m 2.753 ms - -[0m
[0mPOST /api/auth/login [32m200[0m 109.907 ms - 1406[0m
[0mGET /dashboard [36m304[0m 4.982 ms - -[0m
[0mGET /css/style.css [36m304[0m 0.620 ms - -[0m
[0mGET /js/app.js [36m304[0m 0.719 ms - -[0m
[0mGET /js/help.js [36m304[0m 0.702 ms - -[0m
[0mGET /api/audit-logs?limit=20&page=1 [32m200[0m 16.110 ms - 7592[0m
[0mGET /api/dashboard/stats [32m200[0m 27.152 ms - 4475[0m
[0mGET /api/dashboard/rx-pipeline [32m200[0m 7.842 ms - 392[0m
[0mGET /api/dashboard/charts [36m304[0m 21.961 ms - -[0m
[0mGET /api/audit-logs?limit=20&page=1 [32m200[0m 4.467 ms - 7592[0m
[0mGET /patients [32m200[0m 5.928 ms - 82092[0m
[0mGET /css/style.css [36m304[0m 2.612 ms - -[0m
[0mGET /js/app.js [36m304[0m 1.152 ms - -[0m
[0mGET /js/help.js [36m304[0m 0.827 ms - -[0m
[0mGET /api/audit-logs?limit=20&page=1 [32m200[0m 8.619 ms - 7592[0m
[0mGET /api/patient-transport [36m304[0m 12.624 ms - -[0m
[0mGET /api/pharmacy-transport [36m304[0m 9.380 ms - -[0m
[0mGET /api/clinics [36m304[0m 10.444 ms - -[0m
[0mGET /api/pharmacies [36m304[0m 10.993 ms - -[0m
[0mGET /api/patients [36m304[0m 9.294 ms - -[0m
[0mGET /rx-records [32m200[0m 4.556 ms - 84252[0m
[0mGET /css/style.css [36m304[0m 3.726 ms - -[0m
[0mGET /js/app.js [36m304[0m 2.171 ms - -[0m
[0mGET /js/help.js [36m304[0m 1.874 ms - -[0m
[0mGET /api/pharmacies [36m304[0m 11.543 ms - -[0m
[0mGET /api/pharmacy-transport [36m304[0m 11.244 ms - -[0m
[0mGET /api/patient-transport [36m304[0m 12.872 ms - -[0m
[0mGET /api/audit-logs?limit=20&page=1 [32m200[0m 17.656 ms - 7592[0m
[0mGET /api/patients [36m304[0m 18.890 ms - -[0m
[0mGET /api/workflow-actions [36m304[0m 8.092 ms - -[0m
[0mGET /api/medication-catalog?activeOnly=true [36m304[0m 6.170 ms - -[0m
[0mGET /api/rx-records [36m304[0m 16.199 ms - -[0m
[0mPOST /api/rx-records/return-to-warehouse [33m401[0m 0.836 ms - 42[0m
[0mGET /api/rx-records/3 [36m304[0m 16.257 ms - -[0m
[0mDELETE /api/rx-records/3 [32m200[0m 24.819 ms - 41[0m
[0mGET /api/rx-records [32m200[0m 6.388 ms - 2[0m
[0mPOST /api/rx-records [32m201[0m 12.110 ms - 348[0m
[0mGET /api/rx-records [32m200[0m 7.849 ms - 1558[0m
[0mGET /api/rx-records/4 [32m200[0m 4.389 ms - 1109[0m
[0mPOST /api/rx-records/workflow [32m200[0m 7.751 ms - 177[0m
[0mGET /api/rx-records/4 [32m200[0m 5.921 ms - 1286[0m
[0mGET /api/rx-records [32m200[0m 5.059 ms - 1736[0m
[0mPOST /api/rx-records/workflow [32m200[0m 11.399 ms - 177[0m
[0mGET /api/rx-records/4 [32m200[0m 4.188 ms - 1464[0m
[0mGET /api/rx-records [32m200[0m 6.300 ms - 1916[0m
[0mPOST /api/rx-records/workflow [32m200[0m 9.901 ms - 178[0m
[0mGET /api/rx-records/4 [32m200[0m 4.203 ms - 1643[0m
[0mGET /api/rx-records [32m200[0m 5.775 ms - 2097[0m
[0mPOST /api/rx-records/return-to-warehouse [32m200[0m 72.183 ms - 62[0m
[0mGET /api/rx-records/4 [32m200[0m 3.646 ms - 1308[0m
[0mGET /api/rx-records [32m200[0m 6.558 ms - 1758[0m
[0mGET /api/rx-records/4 [36m304[0m 3.611 ms - -[0m
[0mPOST /api/rx-records/return-to-warehouse [32m200[0m 226.876 ms - 62[0m
[0mGET /api/rx-records/4 [32m200[0m 7.054 ms - 1308[0m
[0mGET /api/rx-records [32m200[0m 8.968 ms - 1758[0m
[0mDELETE /api/rx-records/4 [32m200[0m 9.720 ms - 41[0m
[0mGET /api/rx-records [32m200[0m 5.391 ms - 2[0m
[0mGET /api/audit-logs?limit=20&page=1 [32m200[0m 7.406 ms - 7533[0m
[0mGET /api/audit-logs?limit=20&page=1 [32m200[0m 11.694 ms - 7533[0m
[0mGET /rx-records [32m200[0m 5.696 ms - 84232[0m
[0mGET /css/style.css [36m304[0m 3.143 ms - -[0m
[0mGET /js/app.js [36m304[0m 0.403 ms - -[0m
[0mGET /js/help.js [36m304[0m 1.109 ms - -[0m
[0mGET /api/patients [36m304[0m 83.802 ms - -[0m
[0mGET /api/patient-transport [36m304[0m 84.001 ms - -[0m
[0mGET /api/pharmacies [36m304[0m 85.802 ms - -[0m
[0mGET /api/workflow-actions [36m304[0m 82.274 ms - -[0m
[0mGET /api/pharmacy-transport [36m304[0m 85.444 ms - -[0m
[0mGET /api/audit-logs?limit=20&page=1 [32m200[0m 96.363 ms - 7533[0m
[0mGET /api/medication-catalog?activeOnly=true [36m304[0m 8.959 ms - -[0m
[0mGET /api/rx-records [36m304[0m 12.422 ms - -[0m
[0mGET /rx-records [36m304[0m 5.417 ms - -[0m
[0mGET /css/style.css [36m304[0m 0.473 ms - -[0m
[0mGET /js/help.js [36m304[0m 0.532 ms - -[0m
[0mGET /js/app.js [36m304[0m 1.592 ms - -[0m
[0mGET /api/pharmacies [36m304[0m 13.331 ms - -[0m
[0mGET /api/patient-transport [36m304[0m 14.206 ms - -[0m
[0mGET /api/pharmacy-transport [36m304[0m 11.635 ms - -[0m
[0mGET /api/audit-logs?limit=20&page=1 [32m200[0m 18.942 ms - 7533[0m
[0mGET /api/workflow-actions [36m304[0m 14.787 ms - -[0m
[0mGET /api/patients [36m304[0m 20.272 ms - -[0m
[0mGET /api/medication-catalog?activeOnly=true [36m304[0m 6.907 ms - -[0m
[0mGET /api/rx-records [36m304[0m 9.580 ms - -[0m
[0mPOST /api/rx-records [32m201[0m 14.344 ms - 348[0m
[0mGET /api/rx-records [32m200[0m 7.648 ms - 1558[0m
[0mGET /api/rx-records/5 [32m200[0m 5.244 ms - 1109[0m
◇ injected env (4) from .env // tip: ⌘ custom filepath { path: '/custom/path/.env' }
◇ injected env (0) from .env // tip: ⌘ enable debugging { debug: true }
[Backup] Scheduler started with expression: 0 2 * * *
[SiteBackup] Weekly scheduler started: 0 3 * * 0
Database verified: Users.permissions column ready.
Database verified: RXRecords warehouse columns ready.
[Settings] Loaded. Timezone: America/New_York | SMTP: (not set)
Server is running on port 3000.
[0mGET /rx-records [32m200[0m 12.901 ms - 84232[0m
[0mGET /css/style.css [36m304[0m 3.212 ms - -[0m
[0mGET /js/app.js [36m304[0m 0.764 ms - -[0m
[0mGET /js/help.js [36m304[0m 1.582 ms - -[0m
[0mGET /api/pharmacies [36m304[0m 19.537 ms - -[0m
[0mGET /api/patients [36m304[0m 24.406 ms - -[0m
[0mGET /api/pharmacy-transport [36m304[0m 25.475 ms - -[0m
[0mGET /api/patient-transport [36m304[0m 29.882 ms - -[0m
[0mGET /api/workflow-actions [36m304[0m 33.680 ms - -[0m
[0mGET /api/audit-logs?limit=20&page=1 [32m200[0m 48.052 ms - 7838[0m
[0mGET /api/medication-catalog?activeOnly=true [36m304[0m 15.261 ms - -[0m
[0mGET /api/rx-records [36m304[0m 31.453 ms - -[0m
[0mGET /r [33m404[0m 1.693 ms - 140[0m
[0mGET / [36m302[0m 2.514 ms - 35[0m
[0mGET /login [36m304[0m 1.797 ms - -[0m
[0mGET /css/style.css [36m304[0m 0.311 ms - -[0m
[0mPOST /api/auth/login [32m200[0m 98.336 ms - 1406[0m
[0mGET /dashboard [36m304[0m 3.046 ms - -[0m
[0mGET /css/style.css [36m304[0m 1.455 ms - -[0m
[0mGET /js/app.js [36m304[0m 0.560 ms - -[0m
[0mGET /js/help.js [36m304[0m 0.382 ms - -[0m
[0mGET /api/audit-logs?limit=20&page=1 [32m200[0m 11.744 ms - 7578[0m
[0mGET /api/dashboard/stats [32m200[0m 23.222 ms - 4746[0m
[0mGET /api/dashboard/rx-pipeline [32m200[0m 7.980 ms - 392[0m
[0mGET /api/dashboard/charts [36m304[0m 19.144 ms - -[0m
[0mGET /patients [36m304[0m 6.494 ms - -[0m
[0mGET /css/style.css [36m304[0m 0.439 ms - -[0m
[0mGET /js/app.js [36m304[0m 0.717 ms - -[0m
[0mGET /js/help.js [36m304[0m 0.835 ms - -[0m
[0mGET /api/audit-logs?limit=20&page=1 [32m200[0m 13.446 ms - 7578[0m
[0mGET /api/patient-transport [36m304[0m 14.025 ms - -[0m
[0mGET /api/pharmacy-transport [36m304[0m 14.492 ms - -[0m
[0mGET /api/pharmacies [36m304[0m 10.675 ms - -[0m
[0mGET /api/clinics [36m304[0m 12.759 ms - -[0m
[0mGET /api/patients [36m304[0m 5.825 ms - -[0m
[0mGET /rx-records [32m200[0m 5.169 ms - 84232[0m
[0mGET /css/style.css [36m304[0m 0.810 ms - -[0m
[0mGET /js/app.js [36m304[0m 0.512 ms - -[0m
[0mGET /js/help.js [36m304[0m 0.546 ms - -[0m
[0mGET /api/audit-logs?limit=20&page=1 [32m200[0m 11.166 ms - 7578[0m
[0mGET /api/patients [36m304[0m 10.989 ms - -[0m
[0mGET /api/pharmacies [36m304[0m 14.080 ms - -[0m
[0mGET /api/patient-transport [36m304[0m 8.894 ms - -[0m
[0mGET /api/pharmacy-transport [36m304[0m 9.159 ms - -[0m
[0mGET /api/workflow-actions [36m304[0m 9.719 ms - -[0m
[0mGET /api/medication-catalog?activeOnly=true [36m304[0m 7.873 ms - -[0m
[0mGET /api/rx-records [36m304[0m 11.146 ms - -[0m
[0mGET /api/rx-records/5 [32m200[0m 4.593 ms - 1824[0m
[0mPOST /api/rx-records/return-to-warehouse [32m200[0m 23.020 ms - 62[0m
[0mGET /api/rx-records/5 [32m200[0m 6.429 ms - 1308[0m
[0mGET /api/rx-records [32m200[0m 5.622 ms - 1758[0m
[0mPOST /api/rx-records/workflow [32m200[0m 14.858 ms - 178[0m
[0mGET /api/rx-records/5 [32m200[0m 5.816 ms - 1466[0m
[0mGET /api/rx-records [32m200[0m 4.867 ms - 1918[0m
[0mPOST /api/rx-records/workflow [32m200[0m 10.901 ms - 178[0m
[0mGET /api/rx-records/5 [32m200[0m 3.592 ms - 1645[0m
[0mGET /api/rx-records [32m200[0m 5.736 ms - 2099[0m
[0mPOST /api/rx-records/workflow [32m200[0m 13.366 ms - 178[0m
[0mGET /api/rx-records/5 [32m200[0m 4.004 ms - 1824[0m
[0mGET /api/rx-records [32m200[0m 4.962 ms - 2280[0m
[0mPOST /api/rx-records/return-to-warehouse [32m200[0m 118.684 ms - 62[0m
[0mGET /api/rx-records/5 [32m200[0m 8.377 ms - 1308[0m
[0mGET /api/rx-records [32m200[0m 7.198 ms - 1758[0m
[0mPOST /api/rx-records/workflow [32m200[0m 11.453 ms - 178[0m
[0mGET /api/rx-records/5 [32m200[0m 3.319 ms - 1466[0m
[0mGET /api/rx-records [32m200[0m 4.845 ms - 1918[0m
[0mPOST /api/rx-records/workflow [32m200[0m 9.245 ms - 178[0m
[0mGET /api/rx-records/5 [32m200[0m 3.269 ms - 1645[0m
[0mGET /api/rx-records [32m200[0m 5.563 ms - 2099[0m
[0mPOST /api/rx-records/workflow [32m200[0m 7.506 ms - 178[0m
[0mGET /api/rx-records/5 [32m200[0m 3.468 ms - 1824[0m
[0mGET /api/rx-records [32m200[0m 5.098 ms - 2280[0m
[0mGET /api/audit-logs?limit=20&page=1 [32m200[0m 5.025 ms - 7402[0m
[0mGET /api/audit-logs?limit=20&page=1 [32m200[0m 50.769 ms - 7402[0m
[0mGET /audit-log [32m200[0m 3.838 ms - 50028[0m
[0mGET /css/style.css [36m304[0m 1.258 ms - -[0m
[0mGET /js/app.js [36m304[0m 1.166 ms - -[0m
[0mGET /js/help.js [36m304[0m 1.087 ms - -[0m
[0mGET /api/audit-logs?limit=20&page=1 [32m200[0m 10.008 ms - 7402[0m
[0mGET /api/errors?limit=100 [32m200[0m 23.085 ms - 59156[0m
[0mGET /api/audit-logs/modules [32m200[0m 20.421 ms - 157[0m
[0mGET /api/audit-logs/users [32m200[0m 21.615 ms - 141[0m
[0mGET /api/audit-logs?limit=10&offset=0 [32m200[0m 4.658 ms - 3588[0m
[0mGET /api/audit-logs?limit=20&page=1 [32m200[0m 58.681 ms - 7402[0m
[0mDELETE /api/audit-logs [32m200[0m 5.621 ms - 54[0m
[0mGET /api/audit-logs?limit=10&offset=0 [32m200[0m 3.904 ms - 3836[0m
[0mDELETE /api/audit-logs [32m200[0m 3.121 ms - 54[0m
[0mGET /api/audit-logs?limit=10&offset=0 [32m200[0m 4.045 ms - 3986[0m
[0mDELETE /api/audit-logs [32m200[0m 2.353 ms - 54[0m
[0mGET /api/audit-logs?limit=10&offset=0 [32m200[0m 3.683 ms - 3554[0m
[0mGET /api/audit-logs?limit=100&offset=0 [32m200[0m 12.366 ms - 41075[0m
[0mDELETE /api/audit-logs [32m200[0m 9.010 ms - 56[0m
[0mGET /api/audit-logs?limit=100&offset=0 [32m200[0m 9.093 ms - 37468[0m
[0mGET /api/audit-logs?limit=20&page=1 [32m200[0m 3.806 ms - 7583[0m
[0mDELETE /api/audit-logs [32m200[0m 3.056 ms - 54[0m
[0mGET /api/audit-logs?limit=100&offset=0 [32m200[0m 11.952 ms - 21[0m
[0mDELETE /api/errors [32m200[0m 4.587 ms - 11[0m
[0mGET /api/errors?limit=100 [36m304[0m 6.313 ms - -[0m
[0mGET /api/audit-logs?limit=20&page=1 [32m200[0m 51.676 ms - 21[0m
[0mGET /api/errors?limit=100 [36m304[0m 8.588 ms - -[0m
◇ injected env (4) from .env // tip: ⌘ custom filepath { path: '/custom/path/.env' }
◇ injected env (0) from .env // tip: ◈ secrets for agents [www.dotenvx.com]
[Backup] Scheduler started with expression: 0 2 * * *
[SiteBackup] Weekly scheduler started: 0 3 * * 0
Database verified: Users.permissions column ready.
Database verified: RXRecords warehouse columns ready.
Database verified: AuditLogs.previousValue column ready.
[Settings] Loaded. Timezone: America/New_York | SMTP: (not set)
Server is running on port 3000.
[0mGET /rx-records [36m304[0m 14.956 ms - -[0m
[0mGET /css/style.css [36m304[0m 1.168 ms - -[0m
[0mGET /js/app.js [36m304[0m 2.265 ms - -[0m
[0mGET /js/help.js [36m304[0m 1.396 ms - -[0m
[0mGET /api/patients [36m304[0m 86.924 ms - -[0m
[0mGET /api/pharmacies [36m304[0m 87.362 ms - -[0m
[0mGET /api/patient-transport [36m304[0m 86.933 ms - -[0m
[0mGET /api/pharmacy-transport [36m304[0m 87.320 ms - -[0m
[0mGET /api/workflow-actions [36m304[0m 73.677 ms - -[0m
[0mGET /api/audit-logs?limit=20&page=1 [32m200[0m 106.499 ms - 21[0m
[0mGET /api/medication-catalog?activeOnly=true [36m304[0m 6.986 ms - -[0m
[0mGET /api/rx-records [36m304[0m 25.226 ms - -[0m
[0mGET /api/rx-records/5 [36m304[0m 6.742 ms - -[0m
[0mGET /api/audit-logs?limit=20&page=1 [32m200[0m 6.159 ms - 21[0m
[0mPOST /api/rx-records/undo-workflow [32m200[0m 39.270 ms - 29[0m
[0mGET /api/rx-records/5 [32m200[0m 6.256 ms - 1645[0m
[0mGET /api/rx-records [32m200[0m 6.278 ms - 2099[0m
[0mPOST /api/rx-records/return-to-warehouse [32m200[0m 27.393 ms - 62[0m
[0mGET /api/rx-records/5 [32m200[0m 3.730 ms - 1308[0m
[0mGET /api/rx-records [32m200[0m 5.401 ms - 1758[0m
[0mGET /audit-log [36m304[0m 5.646 ms - -[0m
[0mGET /css/style.css [36m304[0m 0.646 ms - -[0m
[0mGET /js/app.js [36m304[0m 0.533 ms - -[0m
[0mGET /js/help.js [36m304[0m 0.390 ms - -[0m
[0mGET /api/audit-logs?limit=20&page=1 [32m200[0m 7.124 ms - 2168[0m
[0mGET /api/errors?limit=100 [36m304[0m 18.446 ms - -[0m
[0mGET /api/audit-logs/modules [32m200[0m 16.145 ms - 15[0m
[0mGET /api/audit-logs/users [32m200[0m 17.344 ms - 77[0m
[0mGET /api/audit-logs?limit=10&offset=0 [32m200[0m 5.052 ms - 2168[0m
[0mGET /audit-log [36m304[0m 4.795 ms - -[0m
[0mGET /css/style.css [36m304[0m 0.680 ms - -[0m
[0mGET /js/app.js [36m304[0m 0.710 ms - -[0m
[0mGET /js/help.js [36m304[0m 0.759 ms - -[0m
[0mGET /api/errors?limit=100 [36m304[0m 80.296 ms - -[0m
[0mGET /api/audit-logs/modules [36m304[0m 77.836 ms - -[0m
[0mGET /api/audit-logs?limit=20&page=1 [32m200[0m 83.008 ms - 2168[0m
[0mGET /api/audit-logs/users [36m304[0m 79.541 ms - -[0m
[0mGET /api/audit-logs?limit=10&offset=0 [32m200[0m 8.832 ms - 2168[0m
[0mGET /api/audit-logs?limit=20&page=1 [32m200[0m 50.968 ms - 2168[0m
[0mGET /api/audit-logs?limit=20&page=1 [32m200[0m 169.661 ms - 2168[0m
[0mGET /api/audit-logs?limit=20&page=1 [32m200[0m 53.486 ms - 2168[0m
[0mGET /api/audit-logs?limit=20&page=1 [32m200[0m 66.722 ms - 2168[0m
[0mGET /audit-log [36m304[0m 3.011 ms - -[0m
[0mGET /css/style.css [36m304[0m 2.803 ms - -[0m
[0mGET /js/app.js [36m304[0m 0.535 ms - -[0m
[0mGET /js/help.js [36m304[0m 0.641 ms - -[0m
[0mGET /api/errors?limit=100 [36m304[0m 14.981 ms - -[0m
[0mGET /api/audit-logs?limit=20&page=1 [32m200[0m 16.888 ms - 2168[0m
[0mGET /api/audit-logs/users [36m304[0m 19.039 ms - -[0m
[0mGET /api/audit-logs/modules [36m304[0m 12.903 ms - -[0m
[0mGET /api/audit-logs?limit=10&offset=0 [32m200[0m 4.652 ms - 2168[0m
[0mGET /api/audit-logs?limit=20&page=1 [32m200[0m 64.483 ms - 2168[0m
[0mGET /audit-log [36m304[0m 3.060 ms - -[0m
[0mGET /css/style.css [36m304[0m 3.320 ms - -[0m
[0mGET /js/help.js [36m304[0m 0.955 ms - -[0m
[0mGET /js/app.js [36m304[0m 2.216 ms - -[0m
[0mGET /api/errors?limit=100 [36m304[0m 132.547 ms - -[0m
[0mGET /api/audit-logs/modules [36m304[0m 128.365 ms - -[0m
[0mGET /api/audit-logs?limit=20&page=1 [32m200[0m 135.131 ms - 2168[0m
[0mGET /api/audit-logs/users [36m304[0m 130.503 ms - -[0m
[0mGET /api/audit-logs?limit=10&offset=0 [32m200[0m 12.437 ms - 2168[0m
[0mGET /audit-log [32m200[0m 5.070 ms - 55888[0m
[0mGET /css/style.css [36m304[0m 0.386 ms - -[0m
[0mGET /js/app.js [36m304[0m 1.297 ms - -[0m
[0mGET /js/help.js [36m304[0m 1.433 ms - -[0m
[0mGET /api/audit-logs?limit=20&page=1 [32m200[0m 10.115 ms - 2168[0m
[0mGET /api/errors?limit=500 [32m200[0m 18.905 ms - 59156[0m
[0mGET /api/audit-logs/modules [36m304[0m 16.851 ms - -[0m
[0mGET /api/audit-logs/users [36m304[0m 19.708 ms - -[0m
[0mGET /api/audit-logs?limit=10&offset=0 [32m200[0m 4.086 ms - 2168[0m
[0mGET /audit-log [36m304[0m 4.825 ms - -[0m
[0mGET /css/style.css [36m304[0m 0.441 ms - -[0m
[0mGET /js/app.js [36m304[0m 0.513 ms - -[0m
[0mGET /js/help.js [36m304[0m 0.697 ms - -[0m
[0mGET /api/audit-logs/modules [36m304[0m 5.983 ms - -[0m
[0mGET /api/audit-logs?limit=20&page=1 [32m200[0m 11.465 ms - 2168[0m
[0mGET /api/errors?limit=500 [36m304[0m 16.760 ms - -[0m
[0mGET /api/audit-logs/users [36m304[0m 16.431 ms - -[0m
[0mGET /api/audit-logs?limit=10&offset=0 [32m200[0m 4.235 ms - 2168[0m
◇ injected env (4) from .env // tip: ⌘ suppress logs { quiet: true }
◇ injected env (0) from .env // tip: ⌘ override existing { override: true }
[Backup] Scheduler started with expression: 0 2 * * *
[SiteBackup] Weekly scheduler started: 0 3 * * 0
Database verified: Users.permissions column ready.
Database verified: RXRecords warehouse columns ready.
Database verified: AuditLogs.previousValue column ready.
[Settings] Loaded. Timezone: America/New_York | SMTP: (not set)
Server is running on port 3000.
[0mGET /audit-log [32m200[0m 18.197 ms - 55888[0m
[0mGET /css/style.css [36m304[0m 4.590 ms - -[0m
[0mGET /js/app.js [36m304[0m 1.597 ms - -[0m
[0mGET /js/help.js [36m304[0m 1.575 ms - -[0m
[0mGET /api/errors?limit=500 [36m304[0m 32.169 ms - -[0m
[0mGET /api/audit-logs/users [36m304[0m 29.289 ms - -[0m
[0mGET /api/audit-logs?limit=20&page=1 [32m200[0m 38.301 ms - 2168[0m
[0mGET /api/audit-logs/modules [36m304[0m 27.803 ms - -[0m
[0mGET /api/audit-logs?limit=10&offset=0 [32m200[0m 6.730 ms - 2168[0m
[0mGET /audit-log [36m304[0m 3.903 ms - -[0m
[0mGET /css/style.css [36m304[0m 0.417 ms - -[0m
[0mGET /js/app.js [36m304[0m 0.606 ms - -[0m
[0mGET /js/help.js [36m304[0m 1.008 ms - -[0m
[0mGET /api/audit-logs?limit=20&page=1 [32m200[0m 6.910 ms - 2168[0m
[0mGET /api/audit-logs/modules [36m304[0m 4.436 ms - -[0m
[0mGET /api/errors?limit=500 [36m304[0m 13.045 ms - -[0m
[0mGET /api/audit-logs/users [36m304[0m 14.482 ms - -[0m
[0mGET /api/audit-logs?limit=10&offset=0 [32m200[0m 4.824 ms - 2168[0m
[0mGET /api/audit-logs?limit=20&page=1 [32m200[0m 58.758 ms - 2168[0m
[0mGET /api/audit-logs?limit=20&page=1 [32m200[0m 51.502 ms - 2168[0m
[0mGET /api/audit-logs?limit=20&page=1 [32m200[0m 52.313 ms - 2168[0m
[0mGET /audit-log [36m304[0m 5.278 ms - -[0m
[0mGET /css/style.css [36m304[0m 2.258 ms - -[0m
[0mGET /js/app.js [36m304[0m 1.237 ms - -[0m
[0mGET /js/help.js [36m304[0m 0.751 ms - -[0m
[0mGET /api/errors?limit=500 [36m304[0m 19.617 ms - -[0m
[0mGET /api/audit-logs/modules [36m304[0m 20.666 ms - -[0m
[0mGET /api/audit-logs?limit=20&page=1 [32m200[0m 26.696 ms - 2168[0m
[0mGET /api/audit-logs/users [36m304[0m 26.992 ms - -[0m
[0mGET /api/audit-logs?limit=10&offset=0 [32m200[0m 5.869 ms - 2168[0m
[0mGET /audit-log [32m200[0m 3.201 ms - 55812[0m
[0mGET /api/audit-logs?limit=20&page=1 [32m200[0m 50.968 ms - 2168[0m
[0mGET /api/audit-logs?limit=20&page=1 [32m200[0m 3.941 ms - 2168[0m
[0mGET /api/audit-logs?limit=20&page=1 [32m200[0m 50.863 ms - 2168[0m
[0mGET /api/audit-logs?limit=20&page=1 [32m200[0m 4.133 ms - 2168[0m
[0mGET /api/audit-logs?limit=20&page=1 [32m200[0m 54.779 ms - 2168[0m
[0mGET /api/audit-logs?limit=20&page=1 [32m200[0m 2.575 ms - 2168[0m
[0mGET /pharmacies [32m200[0m 1.836 ms - 9934[0m
[0mGET /css/style.css [36m304[0m 2.702 ms - -[0m
[0mGET /js/app.js [36m304[0m 1.852 ms - -[0m
[0mGET /js/help.js [36m304[0m 1.782 ms - -[0m
[0mGET /api/audit-logs?limit=20&page=1 [32m200[0m 5.054 ms - 2168[0m
[0mGET /api/pharmacies [36m304[0m 6.615 ms - -[0m
[0mDELETE /api/pharmacies/8 [32m200[0m 14.944 ms - 32[0m
[0mGET /api/pharmacies [32m200[0m 1.718 ms - 753[0m
[0mDELETE /api/pharmacies/13 [32m200[0m 7.879 ms - 89[0m
[0mGET /api/pharmacies [32m200[0m 2.178 ms - 570[0m
[0mDELETE /api/pharmacies/11 [32m200[0m 5.245 ms - 32[0m
[0mGET /api/pharmacies [32m200[0m 1.504 ms - 385[0m
[0mDELETE /api/pharmacies/10 [32m200[0m 5.240 ms - 32[0m
[0mGET /api/pharmacies [32m200[0m 1.665 ms - 191[0m
[0mDELETE /api/pharmacies/9 [32m200[0m 4.643 ms - 89[0m
[0mGET /api/pharmacies [32m200[0m 1.619 ms - 2[0m
[0mGET /patient-transport [32m200[0m 1.414 ms - 9966[0m
[0mGET /css/style.css [36m304[0m 0.393 ms - -[0m
[0mGET /js/app.js [36m304[0m 0.744 ms - -[0m
[0mGET /js/help.js [36m304[0m 0.410 ms - -[0m
[0mGET /api/audit-logs?limit=20&page=1 [32m200[0m 4.204 ms - 3844[0m
[0mGET /api/patient-transport [36m304[0m 4.647 ms - -[0m
[0mGET /patients [36m304[0m 6.192 ms - -[0m
[0mGET /css/style.css [36m304[0m 0.424 ms - -[0m
[0mGET /js/app.js [36m304[0m 0.587 ms - -[0m
[0mGET /js/help.js [36m304[0m 0.871 ms - -[0m
[0mGET /api/patient-transport [36m304[0m 11.623 ms - -[0m
[0mGET /api/audit-logs?limit=20&page=1 [32m200[0m 17.571 ms - 3844[0m
[0mGET /api/pharmacy-transport [36m304[0m 16.415 ms - -[0m
[0mGET /api/pharmacies [36m304[0m 7.321 ms - -[0m
[0mGET /api/clinics [36m304[0m 17.201 ms - -[0m
[0mGET /api/patients [32m200[0m 11.180 ms - 1195[0m
[0mDELETE /api/patients/1 [32m204[0m 8.674 ms - -[0m
[0mGET /api/patients [32m200[0m 7.648 ms - 2[0m
[0mGET /rx-records [36m304[0m 4.873 ms - -[0m
[0mGET /css/style.css [36m304[0m 0.339 ms - -[0m
[0mGET /js/app.js [36m304[0m 0.511 ms - -[0m
[0mGET /js/help.js [36m304[0m 0.695 ms - -[0m
[0mGET /api/patients [36m304[0m 11.132 ms - -[0m
[0mGET /api/pharmacies [36m304[0m 11.952 ms - -[0m
[0mGET /api/audit-logs?limit=20&page=1 [32m200[0m 22.868 ms - 3844[0m
[0mGET /api/patient-transport [36m304[0m 10.591 ms - -[0m
[0mGET /api/workflow-actions [36m304[0m 15.964 ms - -[0m
[0mGET /api/pharmacy-transport [36m304[0m 17.990 ms - -[0m
[0mGET /api/medication-catalog?activeOnly=true [36m304[0m 12.642 ms - -[0m
[0mGET /api/rx-records [32m200[0m 14.780 ms - 1758[0m
[0mGET /api/audit-logs?limit=20&page=1 [32m200[0m 49.546 ms - 3844[0m
[0mGET /rx-records [36m304[0m 4.567 ms - -[0m
[0mGET /css/style.css [36m304[0m 0.362 ms - -[0m
[0mGET /js/app.js [36m304[0m 1.117 ms - -[0m
[0mGET /js/help.js [36m304[0m 1.762 ms - -[0m
[0mGET /api/patients [36m304[0m 12.915 ms - -[0m
[0mGET /api/audit-logs?limit=20&page=1 [32m200[0m 16.152 ms - 3844[0m
[0mGET /api/pharmacies [36m304[0m 13.769 ms - -[0m
[0mGET /api/patient-transport [36m304[0m 14.850 ms - -[0m
[0mGET /api/workflow-actions [36m304[0m 13.434 ms - -[0m
[0mGET /api/pharmacy-transport [36m304[0m 14.814 ms - -[0m
[0mGET /api/medication-catalog?activeOnly=true [36m304[0m 7.275 ms - -[0m
[0mGET /api/rx-records [36m304[0m 17.559 ms - -[0m
[0mGET /import [32m200[0m 2.747 ms - 33153[0m
[0mGET /css/style.css [36m304[0m 0.625 ms - -[0m
[0mGET /js/app.js [36m304[0m 0.704 ms - -[0m
[0mGET /js/help.js [36m304[0m 1.607 ms - -[0m
[0mGET /api/audit-logs?limit=20&page=1 [32m200[0m 67.203 ms - 3844[0m
[0mGET /audit-log [32m200[0m 4.057 ms - 55812[0m
[0mGET /css/style.css [36m304[0m 0.428 ms - -[0m
[0mGET /js/app.js [36m304[0m 0.594 ms - -[0m
[0mGET /js/help.js [36m304[0m 0.780 ms - -[0m
[0mGET /api/audit-logs?limit=20&page=1 [32m200[0m 7.299 ms - 3844[0m
[0mGET /api/errors?limit=500 [36m304[0m 17.948 ms - -[0m
[0mGET /api/audit-logs/modules [32m200[0m 17.792 ms - 28[0m
[0mGET /api/audit-logs/users [36m304[0m 20.861 ms - -[0m
[0mGET /api/audit-logs?limit=10&offset=0 [32m200[0m 4.109 ms - 3844[0m
[0mGET /api/errors?limit=500&source=frontend [32m200[0m 11.635 ms - 59156[0m
[0mGET /audit-log [36m304[0m 2.882 ms - -[0m
[0mGET /css/style.css [36m304[0m 0.337 ms - -[0m
[0mGET /js/app.js [36m304[0m 0.758 ms - -[0m
[0mGET /js/help.js [36m304[0m 1.182 ms - -[0m
[0mGET /api/errors?limit=500 [36m304[0m 74.740 ms - -[0m
[0mGET /api/audit-logs/modules [36m304[0m 73.670 ms - -[0m
[0mGET /api/audit-logs?limit=20&page=1 [32m200[0m 79.314 ms - 3844[0m
[0mGET /api/audit-logs/users [36m304[0m 78.925 ms - -[0m
[0mGET /api/audit-logs?limit=10&offset=0 [32m200[0m 10.312 ms - 3844[0m
[0mDELETE /api/audit-logs [32m200[0m 66.016 ms - 52[0m
[0mGET /api/audit-logs?limit=10&offset=0 [32m200[0m 4.287 ms - 21[0m
[0mGET /api/audit-logs?limit=20&page=1 [32m200[0m 2.705 ms - 21[0m
[0mGET /pharmacies [36m304[0m 1.701 ms - -[0m
[0mGET /css/style.css [36m304[0m 0.343 ms - -[0m
[0mGET /js/app.js [36m304[0m 0.352 ms - -[0m
[0mGET /js/help.js [36m304[0m 0.539 ms - -[0m
[0mGET /api/pharmacies [36m304[0m 9.166 ms - -[0m
[0mGET /api/audit-logs?limit=20&page=1 [32m200[0m 11.204 ms - 21[0m
[0mGET /patient-transport [36m304[0m 1.506 ms - -[0m
[0mGET /css/style.css [36m304[0m 0.358 ms - -[0m
[0mGET /js/app.js [36m304[0m 0.389 ms - -[0m
[0mGET /js/help.js [36m304[0m 2.065 ms - -[0m
[0mGET /api/patient-transport [36m304[0m 5.071 ms - -[0m
[0mGET /api/audit-logs?limit=20&page=1 [32m200[0m 8.233 ms - 21[0m
[0mDELETE /api/patient-transport/5 [32m200[0m 7.138 ms - 30[0m
[0mGET /api/patient-transport [32m200[0m 1.688 ms - 883[0m
[0mDELETE /api/patient-transport/2 [32m200[0m 4.134 ms - 30[0m
[0mGET /api/patient-transport [32m200[0m 1.768 ms - 708[0m
[0mDELETE /api/patient-transport/7 [32m200[0m 4.524 ms - 30[0m
[0mGET /api/patient-transport [32m200[0m 1.397 ms - 537[0m
[0mDELETE /api/patient-transport/8 [32m200[0m 4.290 ms - 30[0m
[0mGET /api/patient-transport [32m200[0m 1.581 ms - 356[0m
[0mDELETE /api/patient-transport/4 [32m200[0m 4.328 ms - 30[0m
[0mGET /api/patient-transport [32m200[0m 1.582 ms - 177[0m
[0mDELETE /api/patient-transport/6 [32m200[0m 3.196 ms - 30[0m
[0mGET /api/patient-transport [32m200[0m 1.389 ms - 2[0m
[0mGET /pharmacy-transport [32m200[0m 1.070 ms - 9971[0m
[0mGET /css/style.css [36m304[0m 0.335 ms - -[0m
[0mGET /js/app.js [36m304[0m 0.502 ms - -[0m
[0mGET /js/help.js [36m304[0m 0.587 ms - -[0m
[0mGET /api/audit-logs?limit=20&page=1 [32m200[0m 6.455 ms - 2096[0m
[0mGET /api/pharmacy-transport [36m304[0m 8.046 ms - -[0m
[0mDELETE /api/pharmacy-transport/3 [32m200[0m 6.969 ms - 30[0m
[0mGET /api/pharmacy-transport [32m200[0m 1.716 ms - 398[0m
[0mDELETE /api/pharmacy-transport/2 [32m200[0m 3.140 ms - 30[0m
[0mGET /api/pharmacy-transport [32m200[0m 2.754 ms - 199[0m
[0mDELETE /api/pharmacy-transport/1 [32m200[0m 4.265 ms - 30[0m
[0mGET /api/pharmacy-transport [32m200[0m 1.367 ms - 2[0m
[0mGET /workflow-actions [32m200[0m 1.366 ms - 9931[0m
[0mGET /css/style.css [36m304[0m 0.344 ms - -[0m
[0mGET /js/app.js [36m304[0m 0.413 ms - -[0m
[0mGET /js/help.js [36m304[0m 0.557 ms - -[0m
[0mGET /api/audit-logs?limit=20&page=1 [32m200[0m 5.703 ms - 3137[0m
[0mGET /api/workflow-actions [36m304[0m 6.651 ms - -[0m
[0mGET /medication-catalog [32m200[0m 1.343 ms - 9917[0m
[0mGET /css/style.css [36m304[0m 0.338 ms - -[0m
[0mGET /js/app.js [36m304[0m 1.102 ms - -[0m
[0mGET /js/help.js [36m304[0m 2.593 ms - -[0m
[0mGET /api/medication-catalog [32m200[0m 3.786 ms - 1697[0m
[0mGET /api/audit-logs?limit=20&page=1 [32m200[0m 8.398 ms - 3137[0m
